display_name	mana_cost	mv	colors	type	power	toughness	keywords	printings	cube_elo	edhrec_rank	text
Proteus Machine	{3}	3		Artifact Creature — Shapeshifter	2	2	Morph	SCG	1160.31675326443	16801	Morph {0} (You may cast this card face down as a 2/2 creature for {3}. Turn it face up any time for its morph cost.) / When this creature is turned face up, it becomes the creature type of your choice. (This effect lasts indefinitely.)
Junk Golem	{4}	4		Artifact Creature — Golem	0	0		ODY	1137.33635106568	29145	This creature enters with three +1/+1 counters on it. / At the beginning of your upkeep, sacrifice this creature unless you remove a +1/+1 counter from it. / {1}, Discard a card: Put a +1/+1 counter on this creature.
Otarian Juggernaut	{4}	4		Artifact Creature — Juggernaut	2	3	Threshold	ODY	1161.74979681808	28548	This creature can't be blocked by Walls. / Threshold — As long as there are seven or more cards in your graveyard, this creature gets +3/+0 and attacks each combat if able.
Limestone Golem	{6}	6		Artifact Creature — Golem	3	4		ODY	1076.10162570752	29977	{2}, Sacrifice this creature: Target player draws a card.
Tribal Golem	{6}	6		Artifact Creature — Golem	4	4		ONS	1109.95017548153	30865	This creature has trample as long as you control a Beast, haste as long as you control a Goblin, first strike as long as you control a Soldier, flying as long as you control a Wizard, and "{B}: Regenerate this creature" as long as you control a Zombie.
Accursed Centaur	{B}	1	B	Creature — Zombie Centaur	2	2		ONS	1058.61247999126	22752	When this creature enters, sacrifice a creature.
Blood Celebrant	{B}	1	B	Creature — Human Cleric	1	1		LGN	1225.00433341352	5729	{B}, Pay 1 life: Add one mana of any color.
Cabal Trainee	{B}	1	B	Creature — Human Minion	1	1		JUD	1201.48427530895	27713	Sacrifice this creature: Target creature gets -2/-0 until end of turn.
Entrails Feaster	{B}	1	B	Creature — Zombie Cat	1	1		ONS	1168.25621559749	23021	At the beginning of your upkeep, you may exile a creature card from a graveyard. If you do, put a +1/+1 counter on this creature. If you don't, tap this creature.
Zombie Cannibal	{B}	1	B	Creature — Zombie	1	1		ODY	1130.01685058208	25329	Whenever this creature deals combat damage to a player, you may exile target card from that player's graveyard.
Bloodcurdler	{1}{B}	2	B	Creature — Horror	1	1	Flying, Mill, Threshold	ODY	1166.26908893186	26247	Flying / At the beginning of your upkeep, mill a card. / Threshold — As long as there are seven or more cards in your graveyard, this creature gets +1/+1 and has "At the beginning of your end step, exile two cards from your graveyard."
Boneknitter	{1}{B}	2	B	Creature — Zombie Cleric	1	1	Morph	ONS	1137.49790285073	20099	{1}{B}: Regenerate target Zombie. / Morph {2}{B} (You may cast this card face down as a 2/2 creature for {3}. Turn it face up any time for its morph cost.)
Boneshard Slasher	{1}{B}	2	B	Creature — Horror	1	1	Flying, Threshold	TOR	1170.15053685008	27763	Flying / Threshold — As long as there are seven or more cards in your graveyard, this creature gets +2/+2 and has "When this creature becomes the target of a spell or ability, sacrifice it."
Cabal Inquisitor	{1}{B}	2	B	Creature — Human Minion	1	1	Threshold	ODY	1131.87362583225	29000	Threshold — {1}{B}, {T}, Exile two cards from your graveyard: Target player discards a card. Activate only as a sorcery and only if there are seven or more cards in your graveyard.
Cabal Interrogator	{1}{B}	2	B	Creature — Zombie Wizard	1	1		SCG	1241.24307037825	22595	{X}{B}, {T}: Target player reveals X cards from their hand and you choose one of them. That player discards that card. Activate only as a sorcery.
Consumptive Goo	{B}{B}	2	B	Creature — Ooze	1	1		SCG	1258.49518875019	22654	{2}{B}{B}: Target creature gets -1/-1 until end of turn. Put a +1/+1 counter on this creature.
Disciple of Malice	{1}{B}	2	B	Creature — Human Cleric	1	2	Cycling, Protection	ONS	1140.9165458026	24582	Protection from white / Cycling {2} ({2}, Discard this card: Draw a card.)
Earthblighter	{1}{B}	2	B	Creature — Human Cleric	1	1		LGN	1137.35180132698	29238	{2}{B}, {T}, Sacrifice a Goblin: Destroy target land.
Filthy Cur	{1}{B}	2	B	Creature — Dog	2	2		ODY	1068.05830417999	26871	Whenever this creature is dealt damage, you lose that much life.
Frightcrawler	{1}{B}	2	B	Creature — Horror	1	1	Fear, Threshold	ODY	1179.00507354697	24725	Fear (This creature can't be blocked except by artifact creatures and/or black creatures.) / Threshold — As long as there are seven or more cards in your graveyard, this creature gets +2/+2 and can't block.
Headhunter	{1}{B}	2	B	Creature — Human Cleric	1	1	Morph	ONS	1185.18654417216	25453	Whenever this creature deals combat damage to a player, that player discards a card. / Morph {B} (You may cast this card face down as a 2/2 creature for {3}. Turn it face up any time for its morph cost.)
Rotting Giant	{1}{B}	2	B	Creature — Zombie Giant	3	3		ODY	1167.39000638359	30372	Whenever this creature attacks or blocks, sacrifice it unless you exile a card from your graveyard.
Aphetto Exterminator	{2}{B}	3	B	Creature — Human Wizard	3	1	Morph	LGN, PLST	1217.58161135016	24685	Morph {3}{B} (You may cast this card face down as a 2/2 creature for {3}. Turn it face up any time for its morph cost.) / When this creature is turned face up, target creature gets -3/-3 until end of turn.
Cabal Archon	{2}{B}	3	B	Creature — Human Cleric	2	2		ONS	1104.36497842872	21040	{B}, Sacrifice a Cleric: Target player loses 2 life and you gain 2 life.
Cabal Slaver	{2}{B}	3	B	Creature — Human Cleric	2	1		ONS	1117.61754253021	24548	Whenever a Goblin deals combat damage to a player, that player discards a card.
Cabal Torturer	{1}{B}{B}	3	B	Creature — Human Minion	1	1	Threshold	TOR	1169.26720807666	26342	{B}, {T}: Target creature gets -1/-1 until end of turn. / Threshold — {3}{B}{B}, {T}: Target creature gets -2/-2 until end of turn. Activate only if there are seven or more cards in your graveyard.
Drinker of Sorrow	{2}{B}	3	B	Creature — Horror	5	3		LGN, PLST	1090.18096578733	12652	This creature can't block. / Whenever this creature deals combat damage, sacrifice a permanent.
Ebonblade Reaper	{2}{B}	3	B	Creature — Human Cleric	1	1	Morph	ONS	1145.2658382969	9725	Whenever this creature attacks, you lose half your life, rounded up. / Whenever this creature deals combat damage to a player, that player loses half their life, rounded up. / Morph {3}{B}{B} (You may cast this card face down as a 2/2 creature for {3}. Turn it face up any time for its morph cost.)
Embalmed Brawler	{2}{B}	3	B	Creature — Zombie	2	2	Amplify	LGN	1194.16796231635	29754	Amplify 1 (As this creature enters, put a +1/+1 counter on it for each Zombie card you reveal in your hand.) / Whenever this creature attacks or blocks, you lose 1 life for each +1/+1 counter on it.
Fledgling Imp	{2}{B}	3	B	Creature — Imp	2	2		ODY	1136.930649274	30790	{B}, Discard a card: This creature gains flying until end of turn.
Frightshroud Courier	{2}{B}	3	B	Creature — Zombie	2	1		ONS	1160.52135208353	29351	You may choose not to untap this creature during your untap step. / {2}{B}, {T}: Target Zombie creature gets +2/+2 and has fear for as long as this creature remains tapped. (It can't be blocked except by artifact creatures and/or black creatures.)
Ghastly Remains	{B}{B}{B}	3	B	Creature — Zombie	0	0	Amplify	LGN	1248.69533256232	28233	Amplify 1 (As this creature enters, put a +1/+1 counter on it for each Zombie card you reveal in your hand.) / At the beginning of your upkeep, if this card is in your graveyard, you may pay {B}{B}{B}. If you do, return it to your hand.
Gravegouger	{2}{B}	3	B	Creature — Nightmare Horror	2	2		TOR	1129.99226415099	28074	When this creature enters, exile up to two target cards from a single graveyard. / When this creature leaves the battlefield, return the exiled cards to their owner's graveyard.
Hollow Specter	{1}{B}{B}	3	B	Creature — Specter	2	2	Flying	LGN	1258.80366239607	23607	Flying / Whenever this creature deals combat damage to a player, you may pay {X}. If you do, that player reveals X cards from their hand and you choose one of them. That player discards that card.
Infected Vermin	{2}{B}	3	B	Creature — Rat	1	1	Threshold	ODY	1112.65038878663	21373	{2}{B}: This creature deals 1 damage to each creature and each player. / Threshold — {3}{B}: This creature deals 3 damage to each creature and each player. Activate only if there are seven or more cards in your graveyard.
Organ Grinder	{2}{B}	3	B	Creature — Zombie	3	1		TOR	1190.28962764422	29236	{T}, Exile three cards from your graveyard: Target player loses 3 life.
Rotlung Reanimator	{2}{B}	3	B	Creature — Zombie Cleric	2	2		ONS	1235.14989463984	15113	Whenever this creature or another Cleric dies, create a 2/2 black Zombie creature token.
Slithery Stalker	{1}{B}{B}	3	B	Creature — Nightmare Horror	1	1	Landwalk, Swampwalk	TOR	1165.39063456367	26562	Swampwalk (This creature can't be blocked as long as defending player controls a Swamp.) / When this creature enters, exile target green or white creature an opponent controls. / When this creature leaves the battlefield, return the exiled card to the battlefield under its owner's control.
Smokespew Invoker	{2}{B}	3	B	Creature — Zombie Mutant	3	1		LGN	1172.17937324948	29941	{7}{B}: Target creature gets -3/-3 until end of turn.
Spined Basher	{2}{B}	3	B	Creature — Zombie Beast	3	1	Morph	ONS	1111.40498861582	30910	Morph {2}{B} (You may cast this card face down as a 2/2 creature for {3}. Turn it face up any time for its morph cost.)
Treacherous Werewolf	{2}{B}	3	B	Creature — Werewolf Minion	2	2	Threshold	JUD, PLST	1143.50737906228	30386	Threshold — As long as there are seven or more cards in your graveyard, this creature gets +2/+2 and has "When this creature dies, you lose 4 life."
Walking Desecration	{2}{B}	3	B	Creature — Zombie	1	1		ONS	1118.81392983431	26384	{B}, {T}: Creatures of the creature type of your choice attack this turn if able.
Zombie Trailblazer	{B}{B}{B}	3	B	Creature — Zombie Scout	2	2		TOR	1167.56975622656	14338	Tap an untapped Zombie you control: Target land becomes a Swamp until end of turn. / Tap an untapped Zombie you control: Target creature gains swampwalk until end of turn. (It can't be blocked as long as defending player controls a Swamp.)
Balthor the Defiled	{2}{B}{B}	4	B	Legendary Creature — Zombie Dwarf	2	2		JUD, SLD	1261.28672762217	9076	Minion creatures get +1/+1. / {B}{B}{B}, Exile Balthor: Each player returns all black and all red creature cards from their graveyard to the battlefield.
Cabal Executioner	{2}{B}{B}	4	B	Creature — Human Cleric	2	2	Morph	ONS	1132.27867008552	25049	Whenever this creature deals combat damage to a player, that player sacrifices a creature of their choice. / Morph {3}{B}{B} (You may cast this card face down as a 2/2 creature for {3}. Turn it face up any time for its morph cost.)
Cabal Surgeon	{2}{B}{B}	4	B	Creature — Human Minion	2	1		TOR	1083.94613760108	28886	{2}{B}{B}, {T}, Exile two cards from your graveyard: Return target creature card from your graveyard to your hand.
Childhood Horror	{3}{B}	4	B	Creature — Horror	2	2	Flying, Threshold	ODY	1110.71196762119	28341	Flying / Threshold — As long as there are seven or more cards in your graveyard, this creature gets +2/+2 and can't block.
Deathmark Prelate	{3}{B}	4	B	Creature — Human Cleric	2	3		LGN	1170.82078252422	26357	{2}{B}, {T}, Sacrifice a Zombie: Destroy target non-Zombie creature. It can't be regenerated. Activate only as a sorcery.
Dirty Wererat	{3}{B}	4	B	Creature — Human Rat Minion	2	3	Threshold	ODY, PHUK, PSAL	1158.05788353456	23425	{B}, Discard a card: Regenerate this creature. / Threshold — As long as there are seven or more cards in your graveyard, this creature gets +2/+2 and can't block.
Earsplitting Rats	{3}{B}	4	B	Creature — Rat	2	1		JUD	1188.67478632917	20964	When this creature enters, each player discards a card. / Discard a card: Regenerate this creature.
Famished Ghoul	{3}{B}	4	B	Creature — Zombie	3	2		ODY	1136.76915193913	30682	{1}{B}, Sacrifice this creature: Exile up to two target cards from a single graveyard.
Filth	{3}{B}	4	B	Creature — Incarnation	2	2	Landwalk, Swampwalk	JUD, PLST	1252.37162322811	4699	Swampwalk (This creature can't be blocked as long as defending player controls a Swamp.) / As long as this card is in your graveyard and you control a Swamp, creatures you control have swampwalk.
Gloomdrifter	{3}{B}	4	B	Creature — Zombie Minion	2	2	Flying, Threshold	TOR	1164.03318494066	26302	Flying / Threshold — As long as there are seven or more cards in your graveyard, this creature has "When this creature enters, nonblack creatures get -2/-2 until end of turn."
Grinning Demon	{2}{B}{B}	4	B	Creature — Demon	6	6	Morph	ONS	1255.32612123007	19413	At the beginning of your upkeep, you lose 2 life. / Morph {2}{B}{B} (You may cast this card face down as a 2/2 creature for {3}. Turn it face up any time for its morph cost.)
Haunted Cadaver	{3}{B}	4	B	Creature — Zombie	2	2	Morph	ONS	1189.25753038864	26928	Whenever this creature deals combat damage to a player, you may sacrifice it. If you do, that player discards three cards. / Morph {1}{B} (You may cast this card face down as a 2/2 creature for {3}. Turn it face up any time for its morph cost.)
Infernal Caretaker	{3}{B}	4	B	Creature — Human Cleric	2	2	Morph	LGN	1107.5195560193	27964	Morph {3}{B} (You may cast this card face down as a 2/2 creature for {3}. Turn it face up any time for its morph cost.) / When this creature is turned face up, return all Zombie cards from all graveyards to their owners' hands.
Painbringer	{2}{B}{B}	4	B	Creature — Human Minion	1	1		ODY	1167.67688557512	28799	{T}, Exile any number of cards from your graveyard: Target creature gets -X/-X until end of turn, where X is the number of cards exiled this way.
Shambling Swarm	{1}{B}{B}{B}	4	B	Creature — Horror	3	3		TOR	1192.24804350663	24556	When this creature dies, distribute three -1/-1 counters among one, two, or three target creatures. For each -1/-1 counter you put on a creature this way, remove a -1/-1 counter from that creature at the beginning of the next end step.
Toxin Sliver	{3}{B}	4	B	Creature — Sliver	3	3		LGN, PLST, PSAL, SLD	1207.77576338283	11659	Whenever a Sliver deals combat damage to a creature, destroy that creature. It can't be regenerated.
Vile Deacon	{2}{B}{B}	4	B	Creature — Human Cleric	2	2		LGN	1099.57454460315	24716	Whenever this creature attacks, it gets +X/+X until end of turn, where X is the number of Clerics on the battlefield.
Whispering Shade	{3}{B}	4	B	Creature — Shade	1	1	Landwalk, Swampwalk	ODY	1180.71248446739	26979	Swampwalk (This creature can't be blocked as long as defending player controls a Swamp.) / {B}: This creature gets +1/+1 until end of turn.
Carrion Wurm	{3}{B}{B}	5	B	Creature — Zombie Wurm	6	5		TOR	1161.37535971903	29294	Whenever this creature attacks or blocks, any player may exile three cards from their graveyard. If a player does, this creature assigns no combat damage this turn.
Cursed Monstrosity	{4}{B}	5	B	Creature — Horror	4	3	Flying	ODY	1206.99350961043	31064	Flying / Whenever this creature becomes the target of a spell or ability, sacrifice it unless you discard a land card.
Fallen Cleric	{4}{B}	5	B	Creature — Zombie Cleric	4	2	Morph, Protection	ONS	1113.36802248457	30766	Protection from Clerics / Morph {4}{B} (You may cast this card face down as a 2/2 creature for {3}. Turn it face up any time for its morph cost.)
Gangrenous Goliath	{3}{B}{B}	5	B	Creature — Zombie Giant	4	4		ONS	1163.78723092244	30512	Tap three untapped Clerics you control: Return this card from your graveyard to your hand.
Grotesque Hybrid	{4}{B}	5	B	Creature — Zombie	3	3		TOR	1206.05020110137	27523	Whenever this creature deals combat damage to a creature, destroy that creature. It can't be regenerated. / Discard a card: This creature gains flying and protection from green and from white until end of turn.
Masked Gorgon	{4}{B}	5	B	Creature — Gorgon	5	5	Threshold	JUD	1167.3393629663	28546	Green creatures and white creatures have protection from Gorgons. / Threshold — This creature has protection from green and from white as long as there are seven or more cards in your graveyard.
Repentant Vampire	{3}{B}{B}	5	B	Creature — Vampire	3	3	Flying, Threshold	ODY	1196.87592398443	28622	Flying / Whenever a creature dealt damage by this creature this turn dies, put a +1/+1 counter on this creature. / Threshold — As long as there are seven or more cards in your graveyard, this creature is white and has "{T}: Destroy target black creature."
Sootfeather Flock	{4}{B}	5	B	Creature — Bird	3	2	Flying, Morph	LGN	1094.19871031575	30389	Flying / Morph {3}{B} (You may cast this card face down as a 2/2 creature for {3}. Turn it face up any time for its morph cost.)
Soul Scourge	{4}{B}	5	B	Creature — Nightmare Horror	3	2	Flying	TOR	1097.47081405955	29670	Flying / When this creature enters, target player loses 3 life. / When this creature leaves the battlefield, that player gains 3 life.
Thrashing Mudspawn	{3}{B}{B}	5	B	Creature — Beast	4	4	Morph	ONS	1128.6753481919	27820	Whenever this creature is dealt damage, you lose that much life. / Morph {1}{B}{B} (You may cast this card face down as a 2/2 creature for {3}. Turn it face up any time for its morph cost.)
Treacherous Vampire	{4}{B}	5	B	Creature — Vampire	4	4	Flying, Threshold	JUD	1133.76570017879	30936	Flying / Whenever this creature attacks or blocks, sacrifice it unless you exile a card from your graveyard. / Threshold — As long as there are seven or more cards in your graveyard, this creature gets +2/+2 and has "When this creature dies, you lose 6 life."
Zombie Assassin	{4}{B}	5	B	Creature — Zombie Assassin	3	2		ODY	1102.76953142447	29467	{T}, Exile two cards from your graveyard and this creature: Destroy target nonblack creature. It can't be regenerated.
Anurid Murkdiver	{4}{B}{B}	6	B	Creature — Zombie Frog Beast	4	3	Landwalk, Swampwalk	ONS	1132.29659921099	27658	Swampwalk (This creature can't be blocked as long as defending player controls a Swamp.)
Aphetto Vulture	{4}{B}{B}	6	B	Creature — Zombie Bird	3	2	Flying	ONS	1134.62183089949	27635	Flying / When this creature dies, you may put target Zombie card from your graveyard on top of your library.
Dripping Dead	{4}{B}{B}	6	B	Creature — Zombie	4	1		LGN	1065.10329628604	29841	This creature can't block. / Whenever this creature deals combat damage to a creature, destroy that creature. It can't be regenerated.
Face of Fear	{5}{B}	6	B	Creature — Horror	3	4		ODY	1119.6586721348	30689	{2}{B}, Discard a card: This creature gains fear until end of turn. (It can't be blocked except by artifact creatures and/or black creatures.)
Putrid Raptor	{4}{B}{B}	6	B	Creature — Zombie Dinosaur Beast	4	4	Morph	SCG	1124.69191729652	30062	Morph—Discard a Zombie card. (You may cast this card face down as a 2/2 creature for {3}. Turn it face up any time for its morph cost.)
Silent Specter	{4}{B}{B}	6	B	Creature — Specter	4	4	Flying, Morph	ONS, PONS, PRM	1251.39809407501	22167	Flying / Whenever this creature deals combat damage to a player, that player discards two cards. / Morph {3}{B}{B} (You may cast this card face down as a 2/2 creature for {3}. Turn it face up any time for its morph cost.)
Stalking Bloodsucker	{4}{B}{B}	6	B	Creature — Vampire	4	4	Flying	ODY	1200.88637760306	30915	Flying / {1}{B}, Discard a card: This creature gets +2/+2 until end of turn.
Sutured Ghoul	{4}{B}{B}{B}	7	B	Creature — Zombie	*	*	Trample	JUD, M12	1181.22982557299	25639	Trample / As this creature enters, exile any number of creature cards from your graveyard. / Sutured Ghoul's power is equal to the total power of the exiled cards and its toughness is equal to their total toughness.
Zombie Brute	{6}{B}	7	B	Creature — Zombie	5	4	Amplify, Trample	LGN	1206.81331362732	28940	Amplify 1 (As this creature enters, put a +1/+1 counter on it for each Zombie card you reveal in your hand.) / Trample
Hypnox	{8}{B}{B}{B}	11	B	Creature — Nightmare Horror	8	8	Flying	TOR	1151.53230593922	20757	Flying / When this creature enters, if you cast it from your hand, exile all cards from target opponent's hand. / When this creature leaves the battlefield, return the exiled cards to their owner's hand.
Sarcatog	{1}{B}{R}	3	B, R	Creature — Atog	1	2		ODY	1113.967886353	20364	Exile two cards from your graveyard: This creature gets +1/+1 until end of turn. / Sacrifice an artifact: This creature gets +1/+1 until end of turn.
Birchlore Rangers	{G}	1	G	Creature — Elf Druid Ranger	1	1	Morph	ONS, PSAL	1246.32484203947	11320	Tap two untapped Elves you control: Add one mana of any color. / Morph {G} (You may cast this card face down as a 2/2 creature for {3}. Turn it face up any time for its morph cost.)
Defiant Elf	{G}	1	G	Creature — Elf	1	1	Trample	LGN	1145.76486529218	22320	Trample
Diligent Farmhand	{G}	1	G	Creature — Human Druid	1	1		ODY, PLST	1285.36009414457	11503	{1}{G}, Sacrifice this creature: Search your library for a basic land card, put that card onto the battlefield tapped, then shuffle. / If this card is in a graveyard, effects from spells named Muscle Burst count it as a card named Muscle Burst.
Druid Lyrist	{G}	1	G	Creature — Human Druid	1	1		ODY	1208.03077061124	20621	{G}, {T}, Sacrifice this creature: Destroy target enchantment.
Krosan Wayfarer	{G}	1	G	Creature — Human Druid	1	1		JUD	1251.8183823646	11103	Sacrifice this creature: You may put a land card from your hand onto the battlefield.
Patron of the Wild	{G}	1	G	Creature — Elf	1	1	Morph	LGN	1151.57441040718	26471	Morph {2}{G} (You may cast this card face down as a 2/2 creature for {3}. Turn it face up any time for its morph cost.) / When this creature is turned face up, target creature gets +3/+3 until end of turn.
Woodland Druid	{G}	1	G	Creature — Human Druid	1	2		ODY	1157.10200521328	22459	
Bloodline Shaman	{1}{G}	2	G	Creature — Elf Wizard Shaman	1	1		ONS, PSAL	1136.6758227848	19926	{T}: Choose a creature type. Reveal the top card of your library. If that card is a creature card of the chosen type, put it into your hand. Otherwise, put it into your graveyard.
Forcemage Advocate	{1}{G}	2	G	Creature — Centaur Shaman	2	1		JUD	1124.31728486128	25013	{T}: Return target card from an opponent's graveyard to their hand. Put a +1/+1 counter on target creature.
Harvester Druid	{1}{G}	2	G	Creature — Human Druid	1	1		JUD, PLST	1289.79155224892	19677	{T}: Add one mana of any color that a land you control could produce.
Nantuko Tracer	{1}{G}	2	G	Creature — Insect Druid	2	1		JUD	1122.73833711826	26086	When this creature enters, you may put target card from a graveyard on the bottom of its owner's library.
Skyshooter	{1}{G}	2	G	Creature — Centaur Archer	1	2	Reach	ODY	1171.11604498535	23223	Reach (This creature can block creatures with flying.) / {T}, Sacrifice this creature: Destroy target attacking or blocking creature with flying.
Tempting Wurm	{1}{G}	2	G	Creature — Wurm	5	5		ONS, PLST	1119.31237751736	12304	When this creature enters, each opponent may put any number of artifact, creature, enchantment, and/or land cards from their hand onto the battlefield.
Tribal Forcemage	{1}{G}	2	G	Creature — Elf Wizard	1	1	Morph	LGN	1174.69188695312	19795	Morph {1}{G} (You may cast this card face down as a 2/2 creature for {3}. Turn it face up any time for its morph cost.) / When this creature is turned face up, creatures of the creature type of your choice get +2/+2 and gain trample until end of turn.
Wirewood Elf	{1}{G}	2	G	Creature — Elf Druid	1	2		ONS	1341.74782222416	15900	{T}: Add {G}.
Wirewood Hivemaster	{1}{G}	2	G	Creature — Elf	1	1		LGN, PSAL	1239.67879507475	19407	Whenever another nontoken Elf enters, you may create a 1/1 green Insect creature token.
Anurid Barkripper	{1}{G}{G}	3	G	Creature — Frog Beast	2	2	Threshold	JUD	1164.39629339678	25628	Threshold — This creature gets +2/+2 as long as there are seven or more cards in your graveyard.
Anurid Scavenger	{2}{G}	3	G	Creature — Frog Beast	3	3	Protection	TOR	1168.19010784642	22567	Protection from black / At the beginning of your upkeep, sacrifice this creature unless you put a card from your graveyard on the bottom of your library.
Anurid Swarmsnapper	{2}{G}	3	G	Creature — Frog Beast	1	4	Reach	JUD	1102.79080672312	21444	Reach (This creature can block creatures with flying.) / {1}{G}: This creature can block an additional creature this turn.
Branchsnap Lorian	{1}{G}{G}	3	G	Creature — Beast	4	1	Morph, Trample	LGN	1123.98446098989	23071	Trample / Morph {G} (You may cast this card face down as a 2/2 creature for {3}. Turn it face up any time for its morph cost.)
Chlorophant	{G}{G}{G}	3	G	Creature — Elemental	1	1	Threshold	ODY	1187.54900234752	26905	At the beginning of your upkeep, you may put a +1/+1 counter on this creature. / Threshold — As long as there are seven or more cards in your graveyard, this creature has "At the beginning of your upkeep, you may put another +1/+1 counter on this creature."
Everglove Courier	{2}{G}	3	G	Creature — Elf	2	1		ONS	1154.98334327447	29040	You may choose not to untap this creature during your untap step. / {2}{G}, {T}: Target Elf creature gets +2/+2 and has trample for as long as this creature remains tapped.
Krosan Avenger	{2}{G}	3	G	Creature — Human Druid	3	1	Threshold, Trample	ODY	1087.76049300779	30505	Trample / Threshold — {1}{G}: Regenerate this creature. Activate only if there are seven or more cards in your graveyard.
Leaf Dancer	{1}{G}{G}	3	G	Creature — Centaur	2	2	Forestwalk, Landwalk	ODY	1194.42801907741	29444	Forestwalk (This creature can't be blocked as long as defending player controls a Forest.)
Leery Fogbeast	{2}{G}	3	G	Creature — Beast	4	2		ONS	1119.90004643131	25751	Whenever this creature becomes blocked, prevent all combat damage that would be dealt this turn.
Nantuko Blightcutter	{2}{G}	3	G	Creature — Insect Druid	2	2	Protection, Threshold	TOR	1205.06343196286	24324	Protection from black / Threshold — This creature gets +1/+1 for each black permanent your opponents control as long as there are seven or more cards in your graveyard.
Nantuko Elder	{2}{G}	3	G	Creature — Insect Druid	1	2		ODY, PLST	1284.46438832722	11075	{T}: Add {C}{G}.
Nantuko Mentor	{2}{G}	3	G	Creature — Insect Druid	1	1		ODY	1176.13306855791	22540	{2}{G}, {T}: Target creature gets +X/+X until end of turn, where X is that creature's power.
Nullmage Advocate	{2}{G}	3	G	Creature — Insect Druid	2	3		JUD, PC2, PCA	1093.95086059238	15867	{T}: Return two target cards from an opponent's graveyard to their hand. Destroy target artifact or enchantment.
Seton, Krosan Protector	{G}{G}{G}	3	G	Legendary Creature — Centaur Druid	2	2		ODY	1195.57106337751	17932	Tap an untapped Druid you control: Add {G}.
Spellbane Centaur	{2}{G}	3	G	Creature — Centaur	3	2		ODY	1189.22630424869	26872	Creatures you control can't be the targets of blue spells or abilities from blue sources.
Twigwalker	{2}{G}	3	G	Creature — Insect	2	2		ODY	1192.9054734366	30028	{1}{G}, Sacrifice this creature: Two target creatures each get +2/+2 until end of turn.
Canopy Crawler	{3}{G}	4	G	Creature — Beast	2	2	Amplify	LGN	1165.91386094117	28128	Amplify 1 (As this creature enters, put a +1/+1 counter on it for each Beast card you reveal in your hand.) / {T}: Target creature gets +1/+1 until end of turn for each +1/+1 counter on this creature.
Centaur Rootcaster	{3}{G}	4	G	Creature — Centaur Druid	2	2		JUD	1144.43575924232	23090	Whenever this creature deals combat damage to a player, you may search your library for a basic land card, put that card onto the battlefield tapped, then shuffle.
Elvish Pathcutter	{3}{G}	4	G	Creature — Elf Scout	1	2		ONS	1053.79823967122	27098	{2}{G}: Target Elf creature gains forestwalk until end of turn. (It can't be blocked as long as defending player controls a Forest.)
Krosan Archer	{3}{G}	4	G	Creature — Centaur Archer	2	3	Reach	ODY	1104.71961339363	30461	Reach (This creature can block creatures with flying.) / {G}, Discard a card: This creature gets +0/+2 until end of turn.
Krosan Beast	{3}{G}	4	G	Creature — Squirrel Beast	1	1	Threshold	ODY, SLD	1240.66039050789	19182	Threshold — This creature gets +7/+7 as long as there are seven or more cards in your graveyard.
Krosan Constrictor	{3}{G}	4	G	Creature — Snake	2	2	Landwalk, Swampwalk	TOR	1181.92359431825	29275	Swampwalk (This creature can't be blocked as long as defending player controls a Swamp.) / {T}: Target black creature gets -2/-0 until end of turn.
Krosan Drover	{3}{G}	4	G	Creature — Elf	2	2		SCG	1188.95670059763	13469	Creature spells you cast with mana value 6 or greater cost {2} less to cast.
Krosan Vorine	{3}{G}	4	G	Creature — Cat Beast	3	2	Provoke	LGN, PLST, VMA	1174.1725109182	24745	Provoke (Whenever this creature attacks, you may have target creature defending player controls untap and block it if able.) / This creature can't be blocked by more than one creature.
Nantuko Calmer	{2}{G}{G}	4	G	Creature — Insect Druid	2	3	Threshold	TOR	1117.44177388202	27388	{G}, {T}, Sacrifice this creature: Destroy target enchantment. / Threshold — This creature gets +1/+1 as long as there are seven or more cards in your graveyard.
Phantom Centaur	{2}{G}{G}	4	G	Creature — Centaur Spirit	2	0	Protection	JUD, PLST, TD0, WC02, WC03	1226.29003931476	26030	Protection from black / This creature enters with three +1/+1 counters on it. / If damage would be dealt to this creature, prevent that damage. Remove a +1/+1 counter from this creature.
Possessed Centaur	{2}{G}{G}	4	G	Creature — Centaur Horror	3	3	Threshold, Trample	TOR	1184.82314582852	30678	Trample / Threshold — As long as there are seven or more cards in your graveyard, this creature gets +1/+1, is black, and has "{2}{B}, {T}: Destroy target green creature."
Root Sliver	{3}{G}	4	G	Creature — Sliver	2	2		LGN, PSAL, SLD	1134.93259905738	6497	This spell can't be countered. / Sliver spells can't be countered.
Serpentine Basilisk	{2}{G}{G}	4	G	Creature — Basilisk	2	3	Morph	ONS	1190.37053132431	25863	Whenever this creature deals combat damage to a creature, destroy that creature at end of combat. / Morph {1}{G}{G} (You may cast this card face down as a 2/2 creature for {3}. Turn it face up any time for its morph cost.)
Snarling Undorak	{2}{G}{G}	4	G	Creature — Beast	3	3	Morph	ONS	1151.28455139759	29873	{2}{G}: Target Beast creature gets +1/+1 until end of turn. / Morph {1}{G}{G} (You may cast this card face down as a 2/2 creature for {3}. Turn it face up any time for its morph cost.)
Springing Tiger	{3}{G}	4	G	Creature — Cat	3	3	Threshold	ODY	1127.19283026712	30041	Threshold — This creature gets +2/+2 as long as there are seven or more cards in your graveyard.
Symbiotic Elf	{3}{G}	4	G	Creature — Elf	2	2		ONS, TD2	1145.47379663526	27879	When this creature dies, create two 1/1 green Insect creature tokens.
Zoologist	{3}{G}	4	G	Creature — Human Druid	1	2		ODY	1190.08419808342	24085	{3}{G}, {T}: Reveal the top card of your library. If it's a creature card, put it onto the battlefield. Otherwise, put it into your graveyard.
Barkhide Mauler	{4}{G}	5	G	Creature — Beast	4	4	Cycling	ONS	1196.11975097492	27751	Cycling {2} ({2}, Discard this card: Draw a card.)
Berserk Murlodont	{4}{G}	5	G	Creature — Beast	3	3		LGN	1139.5505104033	26659	Whenever a Beast becomes blocked, it gets +1/+1 until end of turn for each creature blocking it.
Elvish Soultiller	{3}{G}{G}	5	G	Creature — Elf Mutant	5	4		LGN	1168.31655650142	20281	When this creature dies, choose a creature type. Shuffle all creature cards of that type from your graveyard into your library.
Gigapede	{3}{G}{G}	5	G	Creature — Insect	6	1	Shroud	ONS, VMA	1203.94491077953	20473	Shroud (This creature can't be the target of spells or abilities.) / At the beginning of your upkeep, if this card is in your graveyard, you may discard a card. If you do, return this card to your hand.
Gorilla Titan	{3}{G}{G}	5	G	Creature — Ape	4	4	Trample	ODY	1200.23975568446	20616	Trample / This creature gets +4/+4 as long as there are no cards in your graveyard.
Gurzigost	{3}{G}{G}	5	G	Creature — Beast	6	8		TOR	1179.62788703664	27704	At the beginning of your upkeep, sacrifice this creature unless you put two cards from your graveyard on the bottom of your library. / {G}{G}, Discard a card: You may have this creature assign its combat damage this turn as though it weren't blocked.
Hystrodon	{4}{G}	5	G	Creature — Beast	3	4	Morph, Trample	ONS	1249.89570346567	19450	Trample / Whenever this creature deals combat damage to a player, you may draw a card. / Morph {1}{G}{G} (You may cast this card face down as a 2/2 creature for {3}. Turn it face up any time for its morph cost.)
Kurgadon	{4}{G}	5	G	Creature — Beast	3	3		SCG	1127.80083846909	27621	Whenever you cast a creature spell with mana value 6 or greater, put three +1/+1 counters on this creature.
Metamorphic Wurm	{3}{G}{G}	5	G	Creature — Elephant Wurm	3	3	Threshold	ODY	1223.71465074062	25818	Threshold — This creature gets +4/+4 as long as there are seven or more cards in your graveyard.
Primal Whisperer	{4}{G}	5	G	Creature — Elf Soldier	2	2	Morph	LGN	1172.65532026034	18812	This creature gets +2/+2 for each face-down creature on the battlefield. / Morph {3}{G} (You may cast this card face down as a 2/2 creature for {3}. Turn it face up any time for its morph cost.)
Rabid Elephant	{4}{G}	5	G	Creature — Elephant	3	4		ODY	1174.20385947057	28202	Whenever this creature becomes blocked, it gets +2/+2 until end of turn for each creature blocking it.
Spitting Gourna	{3}{G}{G}	5	G	Creature — Beast	3	4	Morph, Reach	ONS	1161.66049272351	29855	Reach (This creature can block creatures with flying.) / Morph {4}{G} (You may cast this card face down as a 2/2 creature for {3}. Turn it face up any time for its morph cost.)
Stag Beetle	{3}{G}{G}	5	G	Creature — Insect	0	0		ONS	1150.2712966045	19815	This creature enters with X +1/+1 counters on it, where X is the number of other creatures on the battlefield.
Totem Speaker	{4}{G}	5	G	Creature — Elf Druid	3	3		LGN	1190.57735478353	27776	Whenever a Beast enters, you may gain 3 life.
Vexing Beetle	{4}{G}	5	G	Creature — Insect	3	3		LGN	1201.26639328614	30600	This spell can't be countered. / This creature gets +3/+3 as long as no opponent controls a creature.
Brontotherium	{4}{G}{G}	6	G	Creature — Beast	5	3	Provoke, Trample	LGN	1163.3734535608	27404	Trample / Provoke (Whenever this creature attacks, you may have target creature defending player controls untap and block it if able.)
Centaur Veteran	{5}{G}	6	G	Creature — Centaur	3	3	Trample	TOR	1160.29896163483	30975	Trample / {G}, Discard a card: Regenerate this creature.
Crashing Centaur	{4}{G}{G}	6	G	Creature — Centaur	3	4	Threshold	ODY	1176.78076159987	30570	{G}, Discard a card: This creature gains trample until end of turn. / Threshold — As long as there are seven or more cards in your graveyard, this creature gets +2/+2 and has shroud. (It can't be the target of spells or abilities.)
Feral Throwback	{4}{G}{G}	6	G	Creature — Beast	3	3	Amplify, Provoke	LGN, PLGN, PRM	1153.42973885	25224	Amplify 2 (As this creature enters, put two +1/+1 counters on it for each Beast card you reveal in your hand.) / Provoke (Whenever this creature attacks, you may have target creature defending player controls untap and block it if able.)
Giant Warthog	{5}{G}	6	G	Creature — Boar Beast	5	5	Trample	JUD	1087.90045235601	28613	Trample
Glowering Rogon	{5}{G}	6	G	Creature — Beast	4	4	Amplify	LGN	1131.64603660337	30275	Amplify 1 (As this creature enters, put a +1/+1 counter on it for each Beast card you reveal in your hand.)
Needleshot Gourna	{4}{G}{G}	6	G	Creature — Beast	3	6	Reach	LGN	1151.90279956497	30653	Reach (This creature can block creatures with flying.)
Treespring Lorian	{5}{G}	6	G	Creature — Beast	5	4	Morph	ONS	1106.94081109603	30494	Morph {5}{G} (You may cast this card face down as a 2/2 creature for {3}. Turn it face up any time for its morph cost.)
Woodcloaker	{5}{G}	6	G	Creature — Elf	3	3	Morph	SCG	1099.19318859115	25760	Morph {2}{G}{G} (You may cast this card face down as a 2/2 creature for {3}. Turn it face up any time for its morph cost.) / When this creature is turned face up, target creature gains trample until end of turn.
Ancient Ooze	{5}{G}{G}	7	G	Creature — Ooze	*	*		SCG	1179.40221003288	15739	Ancient Ooze's power and toughness are each equal to the total mana value of other creatures you control.
Hundroog	{6}{G}	7	G	Creature — Beast	4	7	Cycling	LGN	1137.56223613768	28455	Cycling {3} ({3}, Discard this card: Draw a card.)
Krosan Groundshaker	{4}{G}{G}{G}	7	G	Creature — Beast	6	6		ONS	1106.41850291891	27858	{G}: Target Beast creature gains trample until end of turn.
Stone-Tongue Basilisk	{4}{G}{G}{G}	7	G	Creature — Basilisk	4	5	Threshold	ODY, PODY, PRM	1144.32601302991	25546	Whenever this creature deals combat damage to a creature, destroy that creature at end of combat. / Threshold — As long as there are seven or more cards in your graveyard, all creatures able to block this creature do so.
Thriss, Nantuko Primus	{5}{G}{G}	7	G	Legendary Creature — Insect Druid	5	5		JUD	1188.64735735373	24026	{G}, {T}: Target creature gets +5/+5 until end of turn.
Venomspout Brackus	{6}{G}	7	G	Creature — Beast	5	5	Morph	ONS, PLST	1130.79221344612	27364	{1}{G}, {T}: This creature deals 5 damage to target attacking or blocking creature with flying. / Morph {3}{G}{G} (You may cast this card face down as a 2/2 creature for {3}. Turn it face up any time for its morph cost.)
Titanic Bulvox	{6}{G}{G}	8	G	Creature — Beast	7	4	Morph, Trample	SCG	1169.97980767242	24402	Trample / Morph {4}{G}{G}{G} (You may cast this card face down as a 2/2 creature for {3}. Turn it face up any time for its morph cost.)
Towering Baloth	{6}{G}{G}	8	G	Creature — Beast	7	6	Morph	ONS	1222.3565901317	25924	Morph {6}{G} (You may cast this card face down as a 2/2 creature for {3}. Turn it face up any time for its morph cost.)
Tunneler Wurm	{6}{G}{G}	8	G	Creature — Wurm	6	6		JUD	1086.36314330739	27282	Discard a card: Regenerate this creature.
Krosan Cloudscraper	{7}{G}{G}{G}	10	G	Creature — Beast Mutant	13	13	Morph	LGN, MKC, TSB	1193.6600636425	13154	At the beginning of your upkeep, sacrifice this creature unless you pay {G}{G}. / Morph {7}{G}{G} (You may cast this card face down as a 2/2 creature for {3}. Turn it face up any time for its morph cost.)
Dwarven Grunt	{R}	1	R	Creature — Dwarf	1	1	Landwalk, Mountainwalk	ODY, PLST	1100.92104211561	8238	Mountainwalk (This creature can't be blocked as long as defending player controls a Mountain.)
Dwarven Scorcher	{R}	1	R	Creature — Dwarf	1	1		JUD	1156.16581471612	9775	Sacrifice this creature: This creature deals 1 damage to target creature unless that creature's controller has this creature deal 2 damage to them.
Enslaved Dwarf	{R}	1	R	Creature — Dwarf	1	1		TOR	1138.45914126514	10644	{R}, Sacrifice this creature: Target black creature gets +1/+0 and gains first strike until end of turn.
Goblin Grappler	{R}	1	R	Creature — Goblin	1	1	Provoke	LGN, WC03	1101.66096154278	19903	Provoke (Whenever this creature attacks, you may have target creature defending player controls untap and block it if able.)
Goblin Taskmaster	{R}	1	R	Creature — Goblin	1	1	Morph	ONS, PLST, WC03	1091.06215805776	23505	{1}{R}: Target Goblin creature gets +1/+0 until end of turn. / Morph {R} (You may cast this card face down as a 2/2 creature for {3}. Turn it face up any time for its morph cost.)
Liberated Dwarf	{R}	1	R	Creature — Dwarf	1	1		JUD	1167.43913881252	10559	{R}, Sacrifice this creature: Target green creature gets +1/+0 and gains first strike until end of turn.
Obstinate Familiar	{R}	1	R	Creature — Lizard	1	1		ODY	1098.13905235749	20244	If you would draw a card, you may skip that draw instead.
Spark Mage	{R}	1	R	Creature — Dwarf Wizard	1	1		ODY	1154.54203395732	10190	Whenever this creature deals combat damage to a player, you may have this creature deal 1 damage to target creature that player controls.
Warbreak Trumpeter	{R}	1	R	Creature — Goblin	1	1	Morph	LGN	1223.47393217208	21414	Morph {X}{X}{R} (You may cast this card face down as a 2/2 creature for {3}. Turn it face up any time for its morph cost.) / When this creature is turned face up, create X 1/1 red Goblin creature tokens.
Barbarian Outcast	{1}{R}	2	R	Creature — Human Barbarian Beast	2	2		TOR	1121.87229996982	30118	When you control no Swamps, sacrifice this creature.
Dwarven Blastminer	{1}{R}	2	R	Creature — Dwarf	1	1	Morph	ONS, PLST	1144.87541129554	12826	{2}{R}, {T}: Destroy target nonbasic land. / Morph {R} (You may cast this card face down as a 2/2 creature for {3}. Turn it face up any time for its morph cost.)
Goblin Firebug	{1}{R}	2	R	Creature — Goblin	2	2		LGN	1062.02254700033	27657	When this creature leaves the battlefield, sacrifice a land.
Goblin Lookout	{1}{R}	2	R	Creature — Goblin	1	2		LGN	1162.70336903744	9574	{T}, Sacrifice a Goblin: Goblin creatures get +2/+0 until end of turn.
Hunter Sliver	{1}{R}	2	R	Creature — Sliver	1	1		LGN, PSAL	1108.09667063202	13134	All Sliver creatures have provoke. (Whenever a Sliver attacks, its controller may have target creature defending player controls untap and block it if able.)
Mad Dog	{1}{R}	2	R	Creature — Dog	2	2		ODY	1177.26729323762	27975	At the beginning of your end step, if this creature didn't attack or come under your control this turn, sacrifice it.
Minotaur Explorer	{1}{R}	2	R	Creature — Minotaur Scout	3	3		ODY	1164.08847801902	29453	When this creature enters, sacrifice it unless you discard a card at random.
Pardic Miner	{1}{R}	2	R	Creature — Dwarf	1	1		ODY	1234.39678396255	23976	Sacrifice this creature: Target player can't play lands this turn.
Skirk Alarmist	{1}{R}	2	R	Creature — Human Wizard	1	2	Haste	LGN	1177.81958474296	20289	Haste / {T}: Turn target face-down creature you control face up. At the beginning of the next end step, sacrifice it.
Spitfire Handler	{1}{R}	2	R	Creature — Goblin	1	1		ONS	1099.00533531992	29743	This creature can't block creatures with power greater than this creature's power. / {R}: This creature gets +1/+0 until end of turn.
Balthor the Stout	{1}{R}{R}	3	R	Legendary Creature — Dwarf Barbarian	2	2		TOR	1144.283303227	23958	Other Barbarian creatures get +1/+1. / {R}: Another target Barbarian creature gets +1/+0 until end of turn.
Barbarian Bully	{2}{R}	3	R	Creature — Human Barbarian	2	2		JUD	1119.25425516598	28382	Discard a card at random: This creature gets +2/+2 until end of turn unless a player has this creature deal 4 damage to them. Activate only once each turn.
Barbarian Lunatic	{2}{R}	3	R	Creature — Human Barbarian	2	1		ODY	1094.98696789615	28957	{2}{R}, Sacrifice this creature: It deals 2 damage to target creature.
Dwarven Bloodboiler	{R}{R}{R}	3	R	Creature — Dwarf	2	2		JUD, PLST	1145.18687035018	9119	Tap an untapped Dwarf you control: Target creature gets +2/+0 until end of turn.
Dwarven Recruiter	{2}{R}	3	R	Creature — Dwarf	2	2		ODY, PLST	1114.24828362033	11700	When this creature enters, search your library for any number of Dwarf cards, reveal them, then shuffle and put those cards on top in any order.
Flamestick Courier	{2}{R}	3	R	Creature — Goblin	2	1		ONS	1132.90740654539	28608	You may choose not to untap this creature during your untap step. / {2}{R}, {T}: Target Goblin creature gets +2/+2 and has haste for as long as this creature remains tapped.
Hell-Bent Raider	{1}{R}{R}	3	R	Creature — Human Barbarian	2	2	First strike, Haste	TOR	1157.23086231827	27932	First strike, haste / Discard a card at random: This creature gains protection from white until end of turn.
Longhorn Firebeast	{2}{R}	3	R	Creature — Elemental Ox Beast	3	2		TOR	1114.01590889411	26149	When this creature enters, any opponent may have it deal 5 damage to them. If a player does, sacrifice this creature.
Nosy Goblin	{2}{R}	3	R	Creature — Goblin	2	1		ONS	1089.48302512668	30265	{T}, Sacrifice this creature: Destroy target face-down creature.
Pardic Swordsmith	{2}{R}	3	R	Creature — Dwarf	1	1		ODY	1152.06779389388	29780	{R}, Discard a card at random: This creature gets +2/+0 until end of turn.
Rock Jockey	{2}{R}	3	R	Creature — Goblin	3	3		SCG	1073.34883437391	30259	You can't cast Rock Jockey if you've played a land this turn. / You can't play lands if this creature was cast this turn.
Thoughtbound Primoc	{2}{R}	3	R	Creature — Bird Beast	2	3	Flying	ONS	1125.85654836058	30479	Flying / At the beginning of your upkeep, if a player controls more Wizards than each other player, the player who controls the most Wizards gains control of this creature.
Unstable Hulk	{1}{R}{R}	3	R	Creature — Goblin Mutant	2	2	Morph	LGN	1240.42746062857	29929	Morph {3}{R}{R} (You may cast this card face down as a 2/2 creature for {3}. Turn it face up any time for its morph cost.) / When this creature is turned face up, it gets +6/+6 and gains trample until end of turn. You skip your next turn.
Blistering Firecat	{1}{R}{R}{R}	4	R	Creature — Elemental Cat	7	1	Haste, Morph, Trample	ONS	1162.58928081986	17434	Trample, haste / At the beginning of the end step, sacrifice this creature. / Morph {R}{R} (You may cast this card face down as a 2/2 creature for {3}. Turn it face up any time for its morph cost.)
Bomb Squad	{3}{R}	4	R	Creature — Dwarf	1	1		ODY	1127.95628321007	18968	{T}: Put a fuse counter on target creature. / At the beginning of your upkeep, put a fuse counter on each creature with a fuse counter on it. / Whenever a creature has four or more fuse counters on it, remove all fuse counters from it and destroy it. That creature deals 4 damage to its controller.
Chainflinger	{3}{R}	4	R	Creature — Beast	2	2	Threshold	ODY	1160.00436335594	30072	{1}{R}, {T}: This creature deals 1 damage to any target. / Threshold — {2}{R}, {T}: This creature deals 2 damage to any target. Activate only if there are seven or more cards in your graveyard.
Dwarven Driller	{3}{R}	4	R	Creature — Dwarf	2	2		JUD	1152.8437751251	16915	{T}: Destroy target land unless its controller has this creature deal 2 damage to them.
Embermage Goblin	{3}{R}	4	R	Creature — Goblin Wizard	1	1		ONS	1192.47858628062	27387	When this creature enters, you may search your library for a card named Embermage Goblin, reveal it, put it into your hand, then shuffle. / {T}: This creature deals 1 damage to any target.
Fledgling Dragon	{2}{R}{R}	4	R	Creature — Dragon	2	2	Flying, Threshold	JUD, MH3	1222.26817794816	20544	Flying / Threshold — As long as there are seven or more cards in your graveyard, this creature gets +3/+3 and has "{R}: This creature gets +1/+0 until end of turn."
Goblin Clearcutter	{3}{R}	4	R	Creature — Goblin	3	3		LGN	1094.71017440693	28409	{T}, Sacrifice a Forest: Add three mana in any combination of {R} and/or {G}.
Goblin Pyromancer	{3}{R}	4	R	Creature — Goblin Wizard	2	2		ONS	1175.32237047715	24134	When this creature enters, Goblin creatures get +3/+0 until end of turn. / At the beginning of the end step, destroy all Goblins.
Halberdier	{3}{R}	4	R	Creature — Human Barbarian	3	1	First strike	ODY	1067.61426656019	29290	First strike
Jeska, Warrior Adept	{2}{R}{R}	4	R	Legendary Creature — Human Barbarian Warrior	3	1	First strike, Haste	JUD	1242.24302134827	18944	First strike, haste / {T}: Jeska deals 1 damage to any target.
Magma Sliver	{3}{R}	4	R	Creature — Sliver	3	3		LGN, PSAL, SLD	1188.17980676073	11498	All Slivers have "{T}: Target Sliver creature gets +X/+0 until end of turn, where X is the number of Slivers on the battlefield."
Mine Layer	{3}{R}	4	R	Creature — Dwarf	1	1		ODY	1154.48243484867	18413	{1}{R}, {T}: Put a mine counter on target land. / Whenever a land with a mine counter on it becomes tapped, destroy it. / When this creature leaves the battlefield, remove all mine counters from all lands.
Pardic Arsonist	{2}{R}{R}	4	R	Creature — Human Barbarian	3	3	Threshold	TOR	1189.4711044842	28892	Threshold — As long as there are seven or more cards in your graveyard, this creature has "When this creature enters, it deals 3 damage to any target."
Pardic Firecat	{3}{R}	4	R	Creature — Elemental Cat	2	3	Haste	ODY	1135.89635852825	31001	Haste / If this card is in a graveyard, effects from spells named Flame Burst count it as a card named Flame Burst.
Petravark	{3}{R}	4	R	Creature — Nightmare Beast	2	2		TOR	1124.08105553227	27274	When this creature enters, exile target land. / When this creature leaves the battlefield, return the exiled card to the battlefield under its owner's control.
Possessed Barbarian	{2}{R}{R}	4	R	Creature — Human Barbarian Horror	3	3	First strike, Threshold	TOR	1184.94939300876	30601	First strike / Threshold — As long as there are seven or more cards in your graveyard, this creature gets +1/+1, is black, and has "{2}{B}, {T}: Destroy target red creature."
Shaleskin Plower	{3}{R}	4	R	Creature — Beast	3	2	Morph	LGN	1080.19019608546	27772	Morph {4}{R} (You may cast this card face down as a 2/2 creature for {3}. Turn it face up any time for its morph cost.) / When this creature is turned face up, destroy target land.
Skirk Outrider	{3}{R}	4	R	Creature — Goblin	2	2		LGN	1125.33744468265	30925	As long as you control a Beast, this creature gets +2/+2 and has trample.
Skirk Volcanist	{3}{R}	4	R	Creature — Goblin	3	1	Morph	SCG	1096.06497980925	29483	Morph—Sacrifice two Mountains. (You may cast this card face down as a 2/2 creature for {3}. Turn it face up any time for its morph cost.) / When this creature is turned face up, it deals 3 damage divided as you choose among one, two, or three target creatures.
Spellgorger Barbarian	{3}{R}	4	R	Creature — Human Nightmare Barbarian	3	1		JUD	1098.43189600555	29676	When this creature enters, discard a card at random. / When this creature leaves the battlefield, draw a card.
Whipkeeper	{2}{R}{R}	4	R	Creature — Dwarf	1	1		ODY	1136.66652094442	25084	{T}: This creature deals damage to target creature equal to the damage already dealt to it this turn.
Airdrop Condor	{4}{R}	5	R	Creature — Bird	2	2	Flying	ONS	1150.19224592458	28685	Flying / {1}{R}, Sacrifice a Goblin creature: This creature deals damage equal to the sacrificed creature's power to any target.
Bonethorn Valesk	{4}{R}	5	R	Creature — Beast	4	2		SCG	1154.23319615456	30095	Whenever a permanent is turned face up, this creature deals 1 damage to any target.
Charging Slateback	{4}{R}	5	R	Creature — Beast	4	3	Morph	ONS	1133.24054142221	31082	This creature can't block. / Morph {4}{R} (You may cast this card face down as a 2/2 creature for {3}. Turn it face up any time for its morph cost.)
Crested Craghorn	{4}{R}	5	R	Creature — Goat Beast	4	1	Haste, Provoke	LGN	1210.39939819117	27832	Haste / Provoke (Whenever this creature attacks, you may have target creature defending player controls untap and block it if able.)
Dwarven Strike Force	{4}{R}	5	R	Creature — Dwarf Berserker	4	3		ODY	1154.10946480274	29573	Discard a card at random: This creature gains first strike and haste until end of turn.
Frenetic Ogre	{4}{R}	5	R	Creature — Ogre	2	3		ODY	1104.69095105387	30927	{R}, Discard a card at random: This creature gets +3/+0 until end of turn.
Goblin Assassin	{3}{R}{R}	5	R	Creature — Goblin Assassin	2	2		LGN, PLST	1117.60669844407	11322	Whenever this creature or another Goblin enters, each player flips a coin. Each player whose coin comes up tails sacrifices a creature of their choice.
Goblin Machinist	{4}{R}	5	R	Creature — Goblin	0	5		ONS	1131.91171802766	28964	{2}{R}: Reveal cards from the top of your library until you reveal a nonland card. This creature gets +X/+0 until end of turn, where X is that card's mana value. Put the revealed cards on the bottom of your library in any order.
Pardic Lancer	{4}{R}	5	R	Creature — Human Barbarian	3	2		TOR	1213.48399895871	30295	Discard a card at random: This creature gets +1/+0 and gains first strike until end of turn.
Savage Firecat	{3}{R}{R}	5	R	Creature — Elemental Cat	0	0	Trample	ODY	1190.57691223254	29892	Trample / This creature enters with seven +1/+1 counters on it. / Whenever you tap a land for mana, remove a +1/+1 counter from this creature.
Snapping Thragg	{4}{R}	5	R	Creature — Beast	3	3	Morph	ONS	1106.893980852	29943	Whenever this creature deals combat damage to a player, you may have it deal 3 damage to target creature that player controls. / Morph {4}{R}{R} (You may cast this card face down as a 2/2 creature for {3}. Turn it face up any time for its morph cost.)
Soulgorger Orgg	{3}{R}{R}	5	R	Creature — Nightmare Orgg	6	6	Trample	JUD	1183.76689165281	15299	Trample / When this creature enters, you lose all but 1 life. / When this creature leaves the battlefield, you gain life equal to the life you lost when it entered.
Spurred Wolverine	{4}{R}	5	R	Creature — Wolverine Beast	3	2		ONS	1149.78247539076	30188	Tap two untapped Beasts you control: Target creature gains first strike until end of turn.
Tephraderm	{4}{R}	5	R	Creature — Beast	4	5		ONS	1142.09253982402	27015	Whenever a creature deals damage to this creature, this creature deals that much damage to that creature. / Whenever a spell deals damage to this creature, this creature deals that much damage to that spell's controller.
Bloodstoke Howler	{5}{R}	6	R	Creature — Beast	3	4	Morph	LGN	1123.67504025944	29860	Morph {6}{R} (You may cast this card face down as a 2/2 creature for {3}. Turn it face up any time for its morph cost.) / When this creature is turned face up, Beast creatures you control get +3/+0 until end of turn.
Frenetic Raptor	{5}{R}	6	R	Creature — Dinosaur Beast	6	6		LGN	1120.44593522098	30315	Beasts can't block.
Goretusk Firebeast	{5}{R}	6	R	Creature — Elemental Boar Beast	2	2		JUD	1140.27313031745	28647	When this creature enters, it deals 4 damage to target player or planeswalker.
Butcher Orgg	{4}{R}{R}{R}	7	R	Creature — Orgg	6	6		ONS	1121.95487869085	28027	You may assign this creature's combat damage divided as you choose among defending player and/or any number of creatures they control.
Crazed Firecat	{5}{R}{R}	7	R	Creature — Elemental Cat	4	4		TOR	1208.58340890842	17822	When this creature enters, flip a coin until you lose a flip. Put a +1/+1 counter on this creature for each flip you won.
Goblin Dynamo	{5}{R}{R}	7	R	Creature — Goblin Mutant	4	4		LGN	1164.86973088229	27040	{T}: This creature deals 1 damage to any target. / {X}{R}, {T}, Sacrifice this creature: It deals X damage to any target.
Rockshard Elemental	{5}{R}{R}	7	R	Creature — Elemental	4	3	Double strike, Morph	LGN	1177.70107152811	26333	Double strike (This creature deals both first-strike and regular combat damage.) / Morph {4}{R}{R} (You may cast this card face down as a 2/2 creature for {3}. Turn it face up any time for its morph cost.)
Shaleskin Bruiser	{6}{R}	7	R	Creature — Beast	4	4	Trample	ONS	1165.03997401427	22064	Trample / Whenever this creature attacks, it gets +3/+0 until end of turn for each other attacking Beast.
Skittish Valesk	{6}{R}	7	R	Creature — Beast	5	5	Morph	ONS	1107.68589786247	26729	At the beginning of your upkeep, flip a coin. If you lose the flip, turn this creature face down. / Morph {5}{R} (You may cast this card face down as a 2/2 creature for {3}. Turn it face up any time for its morph cost.)
Ashen Firebeast	{6}{R}{R}	8	R	Creature — Elemental Beast	6	6		ODY	1204.95468944694	27602	{1}{R}: This creature deals 1 damage to each creature without flying.
Petradon	{6}{R}{R}	8	R	Creature — Nightmare Beast	5	6		TOR	1106.91342308951	29160	When this creature enters, exile two target lands. / When this creature leaves the battlefield, return the exiled cards to the battlefield under their owners' control. / {R}: This creature gets +1/+0 until end of turn.
Lithatog	{1}{R}{G}	3	R, G	Creature — Atog	1	2		ODY	1057.47939597349	18928	Sacrifice an artifact: This creature gets +1/+1 until end of turn. / Sacrifice a land: This creature gets +1/+1 until end of turn.
Aven Envoy	{U}	1	U	Creature — Bird Soldier	0	2	Flying	LGN	1106.57306691799	23861	Flying
Hapless Researcher	{U}	1	U	Creature — Human Wizard	1	1		JUD	1196.11131465832	20455	Sacrifice this creature: Draw a card, then discard a card.
Imagecrafter	{U}	1	U	Creature — Human Wizard	1	1		ONS	1129.4813045401	14035	{T}: Choose a creature type other than Wall. Target creature becomes that type until end of turn.
Thought Nibbler	{U}	1	U	Creature — Beast	1	1	Flying	ODY	1165.79556621806	24139	Flying / Your maximum hand size is reduced by two.
Aphetto Alchemist	{1}{U}	2	U	Creature — Human Wizard	1	2	Morph	ONS, PLST	1230.94860273915	5118	{T}: Untap target artifact or creature. / Morph {U} (You may cast this card face down as a 2/2 creature for {3}. Turn it face up any time for its morph cost.)
Cephalid Scout	{1}{U}	2	U	Creature — Octopus Wizard Scout	1	1	Flying	ODY	1118.73351993206	25920	Flying / {2}{U}, Sacrifice a land: Draw a card.
Cephalid Snitch	{1}{U}	2	U	Creature — Octopus Wizard	1	1		TOR	1109.86338475437	28376	Sacrifice this creature: Target creature loses protection from black until end of turn.
Cephalid Vandal	{1}{U}	2	U	Creature — Octopus Rogue	1	1	Mill	TOR	1124.58536422743	20633	At the beginning of your upkeep, put a shred counter on this creature. Then mill a card for each shred counter on this creature.
Coast Watcher	{1}{U}	2	U	Creature — Bird Soldier	1	1	Flying, Protection	SCG	1113.97673865076	23309	Flying, protection from green
Escape Artist	{1}{U}	2	U	Creature — Human Wizard	1	1		ODY	1247.26808207094	20273	This creature can't be blocked. / {U}, Discard a card: Return this creature to its owner's hand.
Information Dealer	{1}{U}	2	U	Creature — Human Wizard	1	1		ONS	1127.36815324768	17904	{T}: Look at the top X cards of your library, where X is the number of Wizards on the battlefield, then put them back in any order.
Mistform Sliver	{1}{U}	2	U	Creature — Illusion Sliver	1	1		LGN	1131.09738214976	24249	All Slivers have "{1}: This permanent becomes the creature type of your choice in addition to its other types until end of turn."
Mistform Stalker	{1}{U}	2	U	Creature — Illusion	1	1		ONS	1207.54676728513	30021	{1}: This creature becomes the creature type of your choice until end of turn. / {2}{U}{U}: This creature gets +2/+2 and gains flying until end of turn.
Phantom Whelp	{1}{U}	2	U	Creature — Illusion Dog	2	2		ODY	1062.66076509697	30343	When this creature attacks or blocks, return it to its owner's hand at end of combat. (Return it only if it's on the battlefield.)
Riptide Biologist	{1}{U}	2	U	Creature — Human Wizard	1	2	Morph, Protection	ONS	1081.43878630449	30735	Protection from Beasts / Morph {2}{U} (You may cast this card face down as a 2/2 creature for {3}. Turn it face up any time for its morph cost.)
Riptide Mangler	{1}{U}	2	U	Creature — Beast	0	3		LGN	1156.3582840892	27604	{1}{U}: Change this creature's base power to target creature's power. (This effect lasts indefinitely.)
Thought Eater	{1}{U}	2	U	Creature — Beast	2	2	Flying	ODY	1187.83661657542	13375	Flying / Your maximum hand size is reduced by three.
Voidmage Prodigy	{U}{U}	2	U	Creature — Human Wizard	2	1	Morph	ONS, P03, PRM, TSB	1202.1288209955	13571	{U}{U}, Sacrifice a Wizard: Counter target spell. / Morph {U} (You may cast this card face down as a 2/2 creature for {3}. Turn it face up any time for its morph cost.)
Wormfang Newt	{1}{U}	2	U	Creature — Nightmare Salamander Beast	2	2		JUD	1169.97695119473	24042	When this creature enters, exile a land you control. / When this creature leaves the battlefield, return the exiled card to the battlefield under its owner's control.
Aphetto Grifter	{2}{U}	3	U	Creature — Human Wizard	1	1		ONS	1135.52987569399	24291	Tap two untapped Wizards you control: Tap target permanent.
Balshan Beguiler	{2}{U}	3	U	Creature — Human Wizard	1	1		ODY	1223.0751400583	29553	Whenever this creature deals combat damage to a player, that player reveals the top two cards of their library. You choose one of those cards and put it into their graveyard.
Callous Oppressor	{1}{U}{U}	3	U	Creature — Octopus	1	2		ONS	1169.32606239776	15300	You may choose not to untap this creature during your untap step. / As this creature enters, an opponent chooses a creature type. / {T}: Gain control of target creature that isn't of the chosen type for as long as this creature remains tapped.
Cephalid Inkshrouder	{2}{U}	3	U	Creature — Octopus	2	1		JUD	1124.93267108291	15437	Discard a card: This creature gains shroud until end of turn and can't be blocked this turn. (A creature with shroud can't be the target of spells or abilities.)
Cephalid Looter	{2}{U}	3	U	Creature — Octopus Rogue	2	1		ODY	1280.55856421467	18710	{T}: Target player draws a card, then discards a card.
Cephalid Pathmage	{2}{U}	3	U	Creature — Octopus Wizard	1	2		LGN	1091.12679069998	22660	This creature can't be blocked. / {T}, Sacrifice this creature: Target creature can't be blocked this turn.
Dermoplasm	{2}{U}	3	U	Creature — Shapeshifter	1	1	Flying, Morph	LGN	1152.93901909774	26769	Flying / Morph {2}{U}{U} (You may cast this card face down as a 2/2 creature for {3}. Turn it face up any time for its morph cost.) / When this creature is turned face up, you may put a creature card with a morph ability from your hand onto the battlefield face up. If you do, return this creature to its owner's hand.
Disruptive Pitmage	{2}{U}	3	U	Creature — Human Wizard	1	1	Morph	ONS	1185.54963339861	17212	{T}: Counter target spell unless its controller pays {1}. / Morph {U} (You may cast this card face down as a 2/2 creature for {3}. Turn it face up any time for its morph cost.)
Fleeting Aven	{1}{U}{U}	3	U	Creature — Bird Wizard	2	2	Flying	ONS	1151.68243027487	30926	Flying / Whenever a player cycles a card, return this creature to its owner's hand.
Gempalm Sorcerer	{2}{U}	3	U	Creature — Human Wizard Sorcerer	2	2	Cycling	LGN	1062.93995438121	28077	Cycling {2}{U} ({2}{U}, Discard this card: Draw a card.) / When you cycle this card, Wizard creatures gain flying until end of turn.
Ghosthelm Courier	{2}{U}	3	U	Creature — Human Wizard	2	1		ONS	1135.48314492435	28137	You may choose not to untap this creature during your untap step. / {2}{U}, {T}: Target Wizard creature gets +2/+2 and has shroud for as long as this creature remains tapped. (It can't be the target of spells or abilities.)
Hydromorph Guardian	{2}{U}	3	U	Creature — Elemental	2	2		TOR	1064.98501274099	25859	{U}, Sacrifice this creature: Counter target spell that targets a creature you control.
Keeper of the Nine Gales	{2}{U}	3	U	Creature — Bird Wizard	1	2	Flying	LGN, PLST	1245.52189449296	10462	Flying / {T}, Tap two untapped Birds you control: Return target permanent to its owner's hand.
Mistform Dreamer	{2}{U}	3	U	Creature — Illusion	2	1	Flying	ONS	1129.57257265339	30085	Flying / {1}: This creature becomes the creature type of your choice until end of turn.
Mistform Wall	{2}{U}	3	U	Creature — Illusion Wall	1	4		ONS	1131.20424588666	28542	This creature has defender as long as it's a Wall. / {1}: This creature becomes the creature type of your choice until end of turn.
Mistform Warchief	{2}{U}	3	U	Creature — Illusion	1	3		SCG	1184.62250650007	19142	Creature spells you cast that share a creature type with this creature cost {1} less to cast. / {T}: This creature becomes the creature type of your choice until end of turn.
Patron Wizard	{U}{U}{U}	3	U	Creature — Human Wizard	2	2		ODY, PLST, SLD	1233.53936093551	10240	Tap an untapped Wizard you control: Counter target spell unless its controller pays {1}.
Raven Guild Initiate	{2}{U}	3	U	Creature — Human Wizard	1	4	Morph	SCG	1115.1098279536	29634	Morph—Return a Bird you control to its owner's hand. (You may cast this card face down as a 2/2 creature for {3}. Turn it face up any time for its morph cost.)
Raven Guild Master	{1}{U}{U}	3	U	Creature — Human Wizard Mutant	1	1	Morph	SCG	1211.8260949077	21855	Whenever this creature deals combat damage to a player, that player exiles the top ten cards of their library. / Morph {2}{U}{U} (You may cast this card face down as a 2/2 creature for {3}. Turn it face up any time for its morph cost.)
Riptide Entrancer	{1}{U}{U}	3	U	Creature — Human Wizard	1	1	Morph	ONS	1161.34910994333	17656	Whenever this creature deals combat damage to a player, you may sacrifice it. If you do, gain control of target creature that player controls. (This effect lasts indefinitely.) / Morph {U}{U} (You may cast this card face down as a 2/2 creature for {3}. Turn it face up any time for its morph cost.)
Shifty Doppelganger	{2}{U}	3	U	Creature — Shapeshifter	1	1		ODY	1215.78230048749	27127	{3}{U}, Exile this creature: You may put a creature card from your hand onto the battlefield. If you do, that creature gains haste until end of turn. At the beginning of the next end step, sacrifice that creature. If you do, return this card to the battlefield.
Skywing Aven	{2}{U}	3	U	Creature — Bird Soldier	2	1	Flying	TOR, UMA, VMA	1105.20403106871	28055	Flying / Discard a card: Return this creature to its owner's hand.
Wormfang Turtle	{2}{U}	3	U	Creature — Nightmare Turtle Beast	2	4		JUD	1173.33967542706	23935	When this creature enters, exile a land you control. / When this creature leaves the battlefield, return the exiled card to the battlefield under its owner's control.
Aphetto Runecaster	{3}{U}	4	U	Creature — Human Wizard	2	3		SCG	1246.91823972618	15737	Whenever a permanent is turned face up, you may draw a card.
Ascending Aven	{2}{U}{U}	4	U	Creature — Bird Soldier	3	2	Flying, Morph	ONS	1171.4379445981	30606	Flying / This creature can block only creatures with flying. / Morph {2}{U} (You may cast this card face down as a 2/2 creature for {3}. Turn it face up any time for its morph cost.)
Aven Fogbringer	{3}{U}	4	U	Creature — Bird Wizard	2	1	Flying	JUD	1241.01636313228	24238	Flying / When this creature enters, return target land to its owner's hand.
Aven Smokeweaver	{2}{U}{U}	4	U	Creature — Bird Soldier	2	3	Flying, Protection	ODY	1194.51618111875	28295	Flying, protection from red
Balshan Collaborator	{3}{U}	4	U	Creature — Bird Soldier	2	2	Flying	TOR	1138.99119034836	31240	Flying / {B}: This creature gets +1/+1 until end of turn.
Cephalid Retainer	{2}{U}{U}	4	U	Creature — Octopus	2	3		ODY	1178.78829867186	25666	{U}{U}: Tap target creature without flying.
Dreamwinder	{3}{U}	4	U	Creature — Serpent	4	3		ODY	1186.13224215346	29085	This creature can't attack unless defending player controls an Island. / {U}, Sacrifice an Island: Target land becomes an Island until end of turn.
Keeneye Aven	{3}{U}	4	U	Creature — Bird Soldier	2	3	Cycling, Flying	LGN, VMA	1152.66120682132	28147	Flying / Cycling {2} ({2}, Discard this card: Draw a card.)
Master of the Veil	{2}{U}{U}	4	U	Creature — Human Wizard	2	3	Morph	LGN	1113.33815918306	20380	Morph {2}{U} (You may cast this card face down as a 2/2 creature for {3}. Turn it face up any time for its morph cost.) / When this creature is turned face up, you may turn target creature with a morph ability face down.
Mercurial Kite	{3}{U}	4	U	Creature — Bird	2	2	Flying	SCG	1140.05115083219	29897	Flying / Whenever this creature deals combat damage to a creature, tap that creature. That creature doesn't untap during its controller's next untap step.
Mirror Wall	{3}{U}	4	U	Creature — Wall	3	4	Defender	JUD	1134.18011452034	28501	Defender (This creature can't attack.) / {W}: This creature can attack this turn as though it didn't have defender.
Mistform Seaswift	{3}{U}	4	U	Creature — Illusion	3	1	Flying, Morph	LGN	1101.50106149173	30181	Flying / {1}: This creature becomes the creature type of your choice until end of turn. / Morph {1}{U} (You may cast this card face down as a 2/2 creature for {3}. Turn it face up any time for its morph cost.)
Mistform Ultimus	{3}{U}	4	U	Legendary Creature — Illusion	3	3		LGN, TSB	1149.56255830297	23064	Mistform Ultimus is every creature type (even if this card isn't on the battlefield).
Nameless One	{3}{U}	4	U	Creature — Wizard Avatar	*	*	Morph	ONS	1126.18338026811	25153	Nameless One's power and toughness are each equal to the number of Wizards on the battlefield. / Morph {2}{U} (You may cast this card face down as a 2/2 creature for {3}. Turn it face up any time for its morph cost.)
Possessed Aven	{2}{U}{U}	4	U	Creature — Bird Soldier Horror	3	3	Flying, Threshold	TOR	1155.48630041974	29364	Flying / Threshold — As long as there are seven or more cards in your graveyard, this creature gets +1/+1, is black, and has "{2}{B}, {T}: Destroy target blue creature."
Riptide Director	{2}{U}{U}	4	U	Creature — Human Wizard	2	3		LGN, PLST	1140.4506434282	18028	{2}{U}{U}, {T}: Draw a card for each Wizard you control.
Rummaging Wizard	{3}{U}	4	U	Creature — Human Wizard	2	2	Surveil	ONS	1192.3970565704	30648	{2}{U}: Surveil 1. (Look at the top card of your library. You may put that card into your graveyard.)
Thought Devourer	{2}{U}{U}	4	U	Creature — Beast	4	4	Flying	ODY	1159.87052216957	14720	Flying / Your maximum hand size is reduced by four.
Treetop Sentinel	{2}{U}{U}	4	U	Creature — Bird Soldier	2	3	Flying, Protection	ODY	1158.14611179336	29254	Flying, protection from green
Wormfang Crab	{3}{U}	4	U	Creature — Nightmare Crab	3	6		JUD	1127.58598187836	22210	This creature can't be blocked. / When this creature enters, an opponent chooses a permanent you control other than this creature and exiles it. / When this creature leaves the battlefield, return the exiled card to the battlefield under its owner's control.
Balshan Griffin	{3}{U}{U}	5	U	Creature — Griffin	3	2	Flying	ODY	1164.82159736523	31121	Flying / {1}{U}, Discard a card: Return this creature to its owner's hand.
Cephalid Aristocrat	{4}{U}	5	U	Creature — Octopus Noble	3	3	Mill	TOR	1167.61540546074	26582	Whenever this creature becomes the target of a spell or ability, mill two cards.
Covert Operative	{4}{U}	5	U	Creature — Human Wizard	3	2		LGN	1082.99142333464	28939	This creature can't be blocked.
Hydromorph Gull	{3}{U}{U}	5	U	Creature — Elemental Bird	3	3	Flying	TOR	1178.41263741148	27951	Flying / {U}, Sacrifice this creature: Counter target spell that targets a creature you control.
Ixidor, Reality Sculptor	{3}{U}{U}	5	U	Legendary Creature — Human Wizard	3	4		ONS, PLST	1198.7595436263	11106	Face-down creatures get +1/+1. / {2}{U}: Turn target face-down creature face up.
Mistform Shrieker	{3}{U}{U}	5	U	Creature — Illusion	3	3	Flying, Morph	ONS, PLST	1097.21682391278	30612	Flying / {1}: This creature becomes the creature type of your choice until end of turn. / Morph {3}{U}{U} (You may cast this card face down as a 2/2 creature for {3}. Turn it face up any time for its morph cost.)
Mistform Wakecaster	{4}{U}	5	U	Creature — Illusion	2	3	Flying	LGN	1117.87962831948	29378	Flying / {1}: This creature becomes the creature type of your choice until end of turn. / {2}{U}{U}, {T}: Choose a creature type. Each creature you control becomes that type until end of turn.
Pulsating Illusion	{4}{U}	5	U	Creature — Illusion	0	1	Flying	ODY	1180.89264805233	30485	Flying / Discard a card: This creature gets +4/+4 until end of turn. Activate only once each turn.
Riptide Chronologist	{3}{U}{U}	5	U	Creature — Human Wizard	1	3		ONS	1184.73929507059	27002	{U}, Sacrifice this creature: Untap all creatures of the creature type of your choice.
Riptide Shapeshifter	{3}{U}{U}	5	U	Creature — Shapeshifter	3	3		ONS	1151.57772906495	22295	{2}{U}{U}, Sacrifice this creature: Choose a creature type. Reveal cards from the top of your library until you reveal a creature card of that type. Put that card onto the battlefield and shuffle the rest into your library.
Supreme Inquisitor	{3}{U}{U}	5	U	Creature — Human Wizard	1	3		ONS	1141.9156061741	21913	Tap five untapped Wizards you control: Search target player's library for up to five cards and exile them. Then that player shuffles.
Warped Researcher	{4}{U}	5	U	Creature — Human Wizard Mutant	3	4		LGN	1078.63357210698	30916	Whenever a player cycles a card, this creature gains flying and shroud until end of turn. (It can't be the target of spells or abilities.)
Wormfang Behemoth	{3}{U}{U}	5	U	Creature — Nightmare Fish Beast	5	5		JUD	1140.02462305407	29010	When this creature enters, exile all cards from your hand. / When this creature leaves the battlefield, return the exiled cards to their owner's hand.
Aboshan, Cephalid Emperor	{4}{U}{U}	6	U	Legendary Creature — Octopus Noble	3	3		ODY, PLST	1135.93540158171	19304	Tap an untapped Octopus you control: Tap target permanent. / {U}{U}{U}: Tap all creatures without flying.
Crookclaw Elder	{5}{U}	6	U	Creature — Bird Wizard	3	2	Flying	LGN	1181.75120965386	16554	Flying / Tap two untapped Birds you control: Draw a card. / Tap two untapped Wizards you control: Target creature gains flying until end of turn.
Graxiplon	{5}{U}	6	U	Creature — Beast	3	4		ONS	1142.24583573111	30998	This creature can't be blocked unless defending player controls three or more creatures that share a creature type.
Mistform Mutant	{4}{U}{U}	6	U	Creature — Illusion Mutant	3	4		ONS	1157.50543252746	21957	{1}{U}: Choose a creature type other than Wall. Target creature becomes that type until end of turn.
Amugaba	{5}{U}{U}	7	U	Creature — Illusion	6	6	Flying	ODY	1127.57374840143	29683	Flying / {2}{U}, Discard a card: Return this creature to its owner's hand.
Mistform Skyreaver	{5}{U}{U}	7	U	Creature — Illusion	6	6	Flying	ONS	1138.64864067629	30471	Flying / {1}: This creature becomes the creature type of your choice until end of turn.
Primoc Escapee	{6}{U}	7	U	Creature — Bird Beast	4	4	Cycling, Flying	LGN	1236.41355111726	25337	Flying / Cycling {2} ({2}, Discard this card: Draw a card.)
Thundercloud Elemental	{5}{U}{U}	7	U	Creature — Elemental	3	4	Flying	SCG	1176.45855912152	29831	Flying / {3}{U}: Tap all creatures with toughness 2 or less. / {3}{U}: All other creatures lose flying until end of turn.
Weaver of Lies	{5}{U}{U}	7	U	Creature — Beast	4	4	Morph	LGN	1161.59691289538	18743	Morph {4}{U} (You may cast this card face down as a 2/2 creature for {3}. Turn it face up any time for its morph cost.) / When this creature is turned face up, turn any number of target creatures with morph abilities other than this creature face down.
Wormfang Manta	{5}{U}{U}	7	U	Creature — Nightmare Fish Beast	6	1	Flying	JUD	1148.36929337681	22330	Flying / When this creature enters, you skip your next turn. / When this creature leaves the battlefield, you take an extra turn after this one.
Cognivore	{6}{U}{U}	8	U	Creature — Lhurgoyf	*	*	Flying	ODY	1159.05803916714	27033	Flying / Cognivore's power and toughness are each equal to the number of instant cards in all graveyards.
Scornful Egotist	{7}{U}	8	U	Creature — Human Wizard	1	1	Morph	SCG	1028.27110226807	27826	Morph {U} (You may cast this card face down as a 2/2 creature for {3}. Turn it face up any time for its morph cost.)
Psychatog	{1}{U}{B}	3	U, B	Creature — Atog	1	2		ODY, P05, PRM, VMA, WC02	1256.84508290491	18280	Discard a card: This creature gets +1/+1 until end of turn. / Exile two cards from your graveyard: This creature gets +1/+1 until end of turn.
Confessor	{W}	1	W	Creature — Human Cleric	1	1		ODY	1134.49429739045	18988	Whenever a player discards a card, you may gain 1 life.
Daru Mender	{W}	1	W	Creature — Human Cleric	1	1	Morph	LGN	1055.71819415943	27249	Morph {W} (You may cast this card face down as a 2/2 creature for {3}. Turn it face up any time for its morph cost.) / When this creature is turned face up, regenerate target creature.
Dedicated Martyr	{W}	1	W	Creature — Human Cleric	1	1		ODY	1132.37631798276	28564	{W}, Sacrifice this creature: You gain 3 life.
Deftblade Elite	{W}	1	W	Creature — Human Soldier	1	1	Provoke	LGN, PLST, VMA	1146.2859752674	21961	Provoke (Whenever this creature attacks, you may have target creature defending player controls untap and block it if able.) / {1}{W}: Prevent all combat damage that would be dealt to and dealt by this creature this turn.
Devoted Caretaker	{W}	1	W	Creature — Human Cleric	1	2		ODY	1211.62464413197	17613	{W}, {T}: Target permanent you control gains protection from instant spells and from sorcery spells until end of turn.
Foothill Guide	{W}	1	W	Creature — Human Cleric	1	1	Morph, Protection	ONS	1079.09661088695	29606	Protection from Goblins / Morph {W} (You may cast this card face down as a 2/2 creature for {3}. Turn it face up any time for its morph cost.)
Frontline Strategist	{W}	1	W	Creature — Human Soldier	1	1	Morph	SCG	1080.56729091653	21232	Morph {W} (You may cast this card face down as a 2/2 creature for {3}. Turn it face up any time for its morph cost.) / When this creature is turned face up, prevent all combat damage non-Soldier creatures would deal this turn.
Gustcloak Runner	{W}	1	W	Creature — Human Soldier	1	1		ONS	1070.41068563466	29069	Whenever this creature becomes blocked, you may untap it and remove it from combat.
Mystic Penitent	{W}	1	W	Creature — Human Nomad Mystic	1	1	Threshold, Vigilance	ODY	1130.74372567194	30097	Vigilance / Threshold — As long as there are seven or more cards in your graveyard, this creature gets +1/+1 and has flying.
Nova Cleric	{W}	1	W	Creature — Human Cleric	1	2		ONS, PLST	1121.18983735023	21934	{2}{W}, {T}, Sacrifice this creature: Destroy all enchantments.
Planar Guide	{W}	1	W	Creature — Human Cleric	1	1		LGN	1138.24246267749	19387	{3}{W}, Exile this creature: Exile all creatures. At the beginning of the next end step, return those cards to the battlefield under their owners' control.
Plated Sliver	{W}	1	W	Creature — Sliver	1	1		LGN	1138.73214145623	16035	All Sliver creatures get +0/+1.
Tireless Tribe	{W}	1	W	Creature — Human Nomad	1	1		ODY, PLST	1165.98583177232	10459	Discard a card: This creature gets +0/+4 until end of turn.
Wall of Hope	{W}	1	W	Creature — Wall	0	3	Defender	LGN	1130.10960250647	13122	Defender (This creature can't attack.) / Whenever this creature is dealt damage, you gain that much life.
Aven Farseer	{1}{W}	2	W	Creature — Bird Soldier	1	1	Flying	SCG	1195.78115482859	29151	Flying / Whenever a permanent is turned face up, put a +1/+1 counter on this creature.
Battlefield Medic	{1}{W}	2	W	Creature — Human Cleric	1	1		ONS	1071.36739584873	23014	{T}: Prevent the next X damage that would be dealt to target creature this turn, where X is the number of Clerics on the battlefield.
Beacon of Destiny	{1}{W}	2	W	Creature — Human Cleric	1	3		LGN	1154.61134666616	26025	{T}: The next time a source of your choice would deal damage to you this turn, that damage is dealt to this creature instead.
Beloved Chaplain	{1}{W}	2	W	Creature — Human Cleric	1	1	Protection	ODY, PLST	1237.14664401973	17901	Protection from creatures
Catapult Squad	{1}{W}	2	W	Creature — Human Soldier	2	1		ONS	1173.27546223306	22899	Tap two untapped Soldiers you control: This creature deals 2 damage to target attacking or blocking creature.
Cloudreach Cavalry	{1}{W}	2	W	Creature — Human Soldier	1	1		LGN	1207.97308776059	29438	As long as you control a Bird, this creature gets +2/+2 and has flying.
Disciple of Grace	{1}{W}	2	W	Creature — Human Cleric	1	2	Cycling, Protection	ONS, USG	1122.87995788869	25352	Protection from black / Cycling {2} ({2}, Discard this card: Draw a card.)
Exiled Doomsayer	{1}{W}	2	W	Creature — Human Cleric	1	2		SCG	1198.72126368939	31076	All morph costs cost {2} more. (This doesn't affect the cost to cast creature spells face down.)
Mystic Familiar	{1}{W}	2	W	Creature — Bird	1	2	Flying, Threshold	TOR	1066.04751096275	27162	Flying / Threshold — As long as there are seven or more cards in your graveyard, this creature gets +1/+1 and has protection from black.
Mystic Visionary	{1}{W}	2	W	Creature — Human Nomad Mystic	2	1	Threshold	ODY	1121.5537653123	31085	Threshold — This creature has flying as long as there are seven or more cards in your graveyard.
Patrol Hound	{1}{W}	2	W	Creature — Dog	2	2		ODY	1170.86481288928	25921	Discard a card: This creature gains first strike until end of turn.
Phantom Nomad	{1}{W}	2	W	Creature — Spirit Nomad	0	0		JUD, PSAL, VMA	1171.21853482629	25529	This creature enters with two +1/+1 counters on it. / If damage would be dealt to this creature, prevent that damage. Remove a +1/+1 counter from this creature.
Stoic Champion	{W}{W}	2	W	Creature — Human Soldier	2	2		LGN, VMA	1070.08981315122	29068	Whenever a player cycles a card, this creature gets +2/+2 until end of turn.
Sunstrike Legionnaire	{1}{W}	2	W	Creature — Human Soldier	1	2		LGN	1185.29885875664	16926	This creature doesn't untap during your untap step. / Whenever another creature enters, untap this creature. / {T}: Tap target creature with mana value 3 or less.
Trained Pronghorn	{1}{W}	2	W	Creature — Antelope	1	1		JUD	1125.59547418532	26728	Discard a card: Prevent all damage that would be dealt to this creature this turn.
Cantivore	{1}{W}{W}	3	W	Creature — Lhurgoyf	*	*	Vigilance	ODY	1049.34270905232	28591	Vigilance / Cantivore's power and toughness are each equal to the number of enchantment cards in all graveyards.
Daru Healer	{2}{W}	3	W	Creature — Human Cleric	1	2	Morph	ONS	1071.81368955029	30399	{T}: Prevent the next 1 damage that would be dealt to any target this turn. / Morph {W} (You may cast this card face down as a 2/2 creature for {3}. Turn it face up any time for its morph cost.)
Dawning Purist	{2}{W}	3	W	Creature — Human Cleric	2	2	Morph	ONS	1120.47966932819	26701	Whenever this creature deals combat damage to a player, you may destroy target enchantment that player controls. / Morph {1}{W} (You may cast this card face down as a 2/2 creature for {3}. Turn it face up any time for its morph cost.)
Dogged Hunter	{2}{W}	3	W	Creature — Human Nomad	1	1		ODY	1202.89238898029	29375	{T}: Destroy target creature token.
Glowrider	{2}{W}	3	W	Creature — Human Cleric	2	1		LGN	1189.59123779211	14759	Noncreature spells cost {1} more to cast.
Hallowed Healer	{2}{W}	3	W	Creature — Human Cleric	1	1	Threshold	ODY	1118.77475109951	28430	{T}: Prevent the next 2 damage that would be dealt to any target this turn. / Threshold — {T}: Prevent the next 4 damage that would be dealt to any target this turn. Activate only if there are seven or more cards in your graveyard.
Master Apothecary	{W}{W}{W}	3	W	Creature — Human Cleric	2	2		ODY	1085.49375443983	24471	Tap an untapped Cleric you control: Prevent the next 2 damage that would be dealt to any target this turn.
Militant Monk	{1}{W}{W}	3	W	Creature — Human Monk Cleric	2	1	Vigilance	TOR	1137.40161827546	30320	Vigilance / {T}: Prevent the next 1 damage that would be dealt to any target this turn.
Mystic Crusader	{1}{W}{W}	3	W	Creature — Human Nomad Mystic	2	1	Protection, Threshold	ODY	1238.91458471835	28902	Protection from black and from red / Threshold — As long as there are seven or more cards in your graveyard, this creature gets +1/+1 and has flying.
Pearlspear Courier	{2}{W}	3	W	Creature — Human Soldier	2	1		ONS	1165.07560054797	30734	You may choose not to untap this creature during your untap step. / {2}{W}, {T}: Target Soldier creature gets +2/+2 and has vigilance for as long as this creature remains tapped.
Pilgrim of Justice	{2}{W}	3	W	Creature — Human Cleric	1	3	Protection	ODY	1157.9369679093	30472	Protection from red / {W}, Sacrifice this creature: The next time a red source of your choice would deal damage this turn, prevent that damage.
Pilgrim of Virtue	{2}{W}	3	W	Creature — Human Cleric	1	3	Protection	ODY	1207.64333278244	30133	Protection from black / {W}, Sacrifice this creature: The next time a black source of your choice would deal damage this turn, prevent that damage.
Pulsemage Advocate	{2}{W}	3	W	Creature — Human Cleric	1	3		JUD	1096.47165784728	15858	{T}: Return three target cards from an opponent's graveyard to their hand. Return target creature card from your graveyard to the battlefield.
Reborn Hero	{2}{W}	3	W	Creature — Human Soldier	2	2	Threshold, Vigilance	TOR	1135.714406386	30204	Vigilance / Threshold — As long as there are seven or more cards in your graveyard, this creature has "When this creature dies, you may pay {W}{W}. If you do, return this card to the battlefield under your control."
Shieldmage Advocate	{2}{W}	3	W	Creature — Human Cleric	1	3		JUD	1060.45564353342	20490	{T}: Return target card from an opponent's graveyard to their hand. Prevent all damage that would be dealt to any target this turn by a source of your choice.
Stern Judge	{2}{W}	3	W	Creature — Human Cleric	2	2		TOR	1164.59172812797	24373	{T}: Each player loses 1 life for each Swamp they control.
Whipgrass Entangler	{2}{W}	3	W	Creature — Human Cleric	1	3		LGN	1020.91246797245	24293	{1}{W}: Until end of turn, target creature gains "This creature can't attack or block unless its controller pays {1} for each Cleric on the battlefield."
Wingbeat Warrior	{2}{W}	3	W	Creature — Bird Soldier Warrior	2	1	Flying, Morph	LGN	1085.43739022279	30218	Flying / Morph {2}{W} (You may cast this card face down as a 2/2 creature for {3}. Turn it face up any time for its morph cost.) / When this creature is turned face up, target creature gains first strike until end of turn.
Ageless Sentinels	{3}{W}	4	W	Creature — Wall	4	4	Defender, Flying	SCG	1119.9347521486	26464	Defender (This creature can't attack.) / Flying / When this creature blocks, it becomes a Bird Giant, and it loses defender. (It's no longer a Wall. This effect lasts indefinitely.)
Akroma's Devoted	{3}{W}	4	W	Creature — Human Cleric	2	4		LGN	1095.20861683229	21502	Cleric creatures have vigilance.
Aven Redeemer	{3}{W}	4	W	Creature — Bird Cleric	2	2	Flying	LGN	1145.44129556584	28559	Flying / {T}: Prevent the next 2 damage that would be dealt to any target this turn.
Aven Trooper	{3}{W}	4	W	Creature — Bird Soldier	1	1	Flying	TOR	1114.05566842476	30392	Flying / {2}{W}, Discard a card: This creature gets +1/+2 until end of turn.
Battlewise Aven	{3}{W}	4	W	Creature — Bird Soldier	2	2	Flying, Threshold	JUD	1077.4993337181	29884	Flying / Threshold — As long as there are seven or more cards in your graveyard, this creature gets +1/+1 and has first strike.
Commander Eesha	{2}{W}{W}	4	W	Legendary Creature — Bird Soldier	2	4	Flying, Protection	JUD	1270.12083878739	15205	Flying, protection from creatures
Crude Rampart	{3}{W}	4	W	Creature — Wall	4	5	Defender, Morph	ONS	1075.87549195113	30036	Defender (This creature can't attack.) / Morph {4}{W} (You may cast this card face down as a 2/2 creature for {3}. Turn it face up any time for its morph cost.)
Daru Cavalier	{3}{W}	4	W	Creature — Human Soldier	2	2	First strike	ONS	1114.72674337128	31228	First strike / When this creature enters, you may search your library for a card named Daru Cavalier, reveal it, put it into your hand, then shuffle.
Daru Sanctifier	{3}{W}	4	W	Creature — Human Cleric	1	4	Morph	LGN	1077.45136352037	28207	Morph {1}{W} (You may cast this card face down as a 2/2 creature for {3}. Turn it face up any time for its morph cost.) / When this creature is turned face up, destroy target enchantment.
Daru Stinger	{3}{W}	4	W	Creature — Soldier	1	1	Amplify	LGN	1106.95418702168	29448	Amplify 1 (As this creature enters, put a +1/+1 counter on it for each Soldier card you reveal in your hand.) / {T}: This creature deals damage equal to the number of +1/+1 counters on it to target attacking or blocking creature.
Daru Warchief	{2}{W}{W}	4	W	Creature — Human Soldier	1	1		SCG	1216.26936843587	8999	Soldier spells you cast cost {1} less to cast. / Soldier creatures you control get +1/+2.
Dawn Elemental	{W}{W}{W}{W}	4	W	Creature — Elemental	3	3	Flying	SCG	1076.81318297496	24527	Flying / Prevent all damage that would be dealt to this creature.
Defender of the Order	{3}{W}	4	W	Creature — Human Cleric	2	4	Morph	LGN	1063.04958558604	30093	Morph {W}{W} (You may cast this card face down as a 2/2 creature for {3}. Turn it face up any time for its morph cost.) / When this creature is turned face up, creatures you control get +0/+2 until end of turn.
Dive Bomber	{3}{W}	4	W	Creature — Bird Soldier	2	2	Flying	ONS	1068.93830701946	30313	Flying / {T}, Sacrifice this creature: It deals 2 damage to target attacking or blocking creature.
Doubtless One	{3}{W}	4	W	Creature — Cleric Avatar	*	*		ONS	1067.70723114097	20953	Doubtless One's power and toughness are each equal to the number of Clerics on the battlefield. / Whenever this creature deals damage, you gain that much life.
Essence Sliver	{3}{W}	4	W	Creature — Sliver	3	3		LGN, SLD, TSB	1171.91497647338	8604	Whenever a Sliver deals damage, its controller gains that much life.
Graceful Antelope	{2}{W}{W}	4	W	Creature — Antelope	1	4	Landwalk, Plainswalk	ODY, PLST	1109.27801013166	26856	Plainswalk (This creature can't be blocked as long as defending player controls a Plains.) / Whenever this creature deals combat damage to a player, you may have target land become a Plains until this creature leaves the battlefield.
Gravel Slinger	{3}{W}	4	W	Creature — Human Soldier	1	3	Morph	ONS	1117.69764185517	30986	{T}: This creature deals 1 damage to target attacking or blocking creature. / Morph {1}{W} (You may cast this card face down as a 2/2 creature for {3}. Turn it face up any time for its morph cost.)
Liege of the Axe	{3}{W}	4	W	Creature — Human Soldier	2	3	Morph, Vigilance	LGN	1055.49001392375	31079	Vigilance / Morph {1}{W} (You may cast this card face down as a 2/2 creature for {3}. Turn it face up any time for its morph cost.) / When this creature is turned face up, untap it.
Luminous Guardian	{3}{W}	4	W	Creature — Human Nomad	1	4		ODY	1171.09367614904	30832	{W}: This creature gets +0/+1 until end of turn. / {2}: This creature can block an additional creature this turn.
Major Teroh	{3}{W}	4	W	Legendary Creature — Bird Soldier	2	3	Flying	TOR	1170.79959339129	23490	Flying / {3}{W}{W}, Sacrifice Major Teroh: Exile all black creatures.
Possessed Nomad	{2}{W}{W}	4	W	Creature — Human Nomad Horror	3	3	Threshold, Vigilance	TOR	1166.18335836377	31135	Vigilance / Threshold — As long as there are seven or more cards in your graveyard, this creature gets +1/+1, is black, and has "{2}{B}, {T}: Destroy target white creature."
Resilient Wanderer	{2}{W}{W}	4	W	Creature — Human Nomad	2	3	First strike	ODY	1169.45463923987	29911	First strike / Discard a card: This creature gains protection from the color of your choice until end of turn.
Teroh's Faithful	{3}{W}	4	W	Creature — Human Cleric	1	4		TOR, VMA	1149.05591721113	30531	When this creature enters, you gain 4 life.
Teroh's Vanguard	{3}{W}	4	W	Creature — Human Nomad	2	3	Flash, Threshold	TOR	1182.32586459507	31062	Flash / Threshold — As long as there are seven or more cards in your graveyard, this creature has "When this creature enters, creatures you control gain protection from black until end of turn."
Trap Digger	{3}{W}	4	W	Creature — Human Soldier	1	3		SCG	1123.38947600093	30720	{2}{W}, {T}: Put a trap counter on target land you control. / Sacrifice a land with a trap counter on it: This creature deals 3 damage to target attacking creature without flying.
Valor	{3}{W}	4	W	Creature — Incarnation	2	2	First strike	JUD, TSB	1172.0365361337	13826	First strike / As long as this card is in your graveyard and you control a Plains, creatures you control have first strike.
Ancestor's Prophet	{4}{W}	5	W	Creature — Human Cleric	1	5		ONS, PLST	1088.32626193348	21341	Tap five untapped Clerics you control: You gain 10 life.
Aven Archer	{3}{W}{W}	5	W	Creature — Bird Soldier Archer	2	2	Flying	ODY	1160.68134475594	27525	Flying / {2}{W}, {T}: This creature deals 2 damage to target attacking or blocking creature.
Aven Soulgazer	{3}{W}{W}	5	W	Creature — Bird Cleric	3	3	Flying	ONS	1182.11405394262	31141	Flying / {2}{W}: Look at target face-down creature.
Aven Warhawk	{4}{W}	5	W	Creature — Bird Soldier	2	2	Amplify, Flying	LGN	1184.44350146516	28042	Amplify 1 (As this creature enters, put a +1/+1 counter on it for each Bird and/or Soldier card you reveal in your hand.) / Flying
Border Patrol	{4}{W}	5	W	Creature — Human Nomad	1	6	Vigilance	JUD	1189.93468687975	29783	Vigilance
Celestial Gatekeeper	{3}{W}{W}	5	W	Creature — Bird Cleric	2	2	Flying	LGN	1165.07085902608	15101	Flying / When this creature dies, exile it, then return up to two target Bird and/or Cleric permanent cards from your graveyard to the battlefield.
Daunting Defender	{4}{W}	5	W	Creature — Human Cleric	3	3		ONS	1044.68032584603	28334	If a source would deal damage to a Cleric creature you control, prevent 1 of that damage.
Dragonstalker	{4}{W}	5	W	Creature — Bird Soldier	3	3	Flying, Protection	SCG	1119.20017296621	27397	Flying, protection from Dragons
Ironfist Crusher	{4}{W}	5	W	Creature — Human Soldier	2	4	Morph	ONS	1084.17674786774	26770	This creature can block any number of creatures. / Morph {3}{W} (You may cast this card face down as a 2/2 creature for {3}. Turn it face up any time for its morph cost.)
Lowland Tracker	{4}{W}	5	W	Creature — Human Soldier	2	2	First strike, Provoke	LGN	1051.49692046874	30059	First strike / Provoke (Whenever this creature attacks, you may have target creature defending player controls untap and block it if able.)
Selfless Exorcist	{3}{W}{W}	5	W	Creature — Human Cleric	3	4		JUD	1135.22629653641	30959	{T}: Exile target creature card from a graveyard. That card deals damage equal to its power to this creature.
Ward Sliver	{4}{W}	5	W	Creature — Sliver	2	2		LGN, PLST, SLD	1205.85851071935	9860	As this creature enters, choose a color. / All Slivers have protection from the chosen color.
Aven Brigadier	{3}{W}{W}{W}	6	W	Creature — Bird Soldier	3	5	Flying	ONS	1194.5908804843	17181	Flying / Other Bird creatures get +1/+1. / Other Soldier creatures get +1/+1.
Daru Lancer	{4}{W}{W}	6	W	Creature — Human Soldier	3	4	First strike, Morph	ONS	1115.83613227535	31069	First strike / Morph {2}{W}{W} (You may cast this card face down as a 2/2 creature for {3}. Turn it face up any time for its morph cost.)
Glarecaster	{4}{W}{W}	6	W	Creature — Bird Cleric	3	3	Flying	ONS	1172.56131310912	24658	Flying / {5}{W}: The next time damage would be dealt to this creature and/or you this turn, that damage is dealt to any target instead.
Grassland Crusader	{5}{W}	6	W	Creature — Human Cleric Soldier	2	4		ONS	1097.36022777903	30895	{T}: Target Elf or Soldier creature gets +2/+2 until end of turn.
Shieldmage Elder	{5}{W}	6	W	Creature — Human Cleric Wizard	2	3		ONS	1147.02670557613	26265	Tap two untapped Clerics you control: Prevent all damage target creature would deal this turn. / Tap two untapped Wizards you control: Prevent all damage target spell would deal this turn.
Swooping Talon	{4}{W}{W}	6	W	Creature — Bird Soldier	2	6	Flying, Provoke	LGN	1158.48977502123	29624	Flying / {1}: This creature loses flying until end of turn. / Provoke (Whenever this creature attacks, you may have target creature defending player controls untap and block it if able.)
Wayward Angel	{4}{W}{W}	6	W	Creature — Angel Horror	4	4	Flying, Threshold, Vigilance	ODY	1132.24387515435	29271	Flying, vigilance / Threshold — As long as there are seven or more cards in your graveyard, this creature gets +3/+3, is black, has trample, and has "At the beginning of your upkeep, sacrifice a creature."
Crowd Favorites	{6}{W}	7	W	Creature — Human Soldier	4	4		ONS	1171.29141540187	31057	{3}{W}: Tap target creature. / {3}{W}: This creature gets +0/+5 until end of turn.
Silver Seraph	{5}{W}{W}{W}	8	W	Creature — Angel	6	6	Flying, Threshold	JUD	1140.86409939102	25626	Flying / Threshold — Other creatures you control get +2/+2 as long as there are seven or more cards in your graveyard.
Anurid Brushhopper	{1}{G}{W}	3	W, G	Creature — Frog Beast	3	4		JUD, WC02, WC03	1162.68072066054	29991	Discard two cards: Exile this creature. Return it to the battlefield under its owner's control at the beginning of the next end step.
Thaumatog	{1}{G}{W}	3	W, G	Creature — Atog	1	2		ODY	1075.28351731348	19020	Sacrifice a land: This creature gets +1/+1 until end of turn. / Sacrifice an enchantment: This creature gets +1/+1 until end of turn.
Phantatog	{1}{W}{U}	3	W, U	Creature — Atog	1	2		ODY	1088.94631193611	19554	Sacrifice an enchantment: This creature gets +1/+1 until end of turn. / Discard a card: This creature gets +1/+1 until end of turn.
Iridescent Angel	{5}{W}{U}	7	W, U	Creature — Angel	4	4	Flying, Protection	ODY, V15	1174.59274407737	24572	Flying, protection from each color
Atogatog	{W}{U}{B}{R}{G}	5	W, U, B, R, G	Legendary Creature — Atog	5	5		ODY	1240.32723126975	18723	Sacrifice an Atog creature: Atogatog gets +X/+X until end of turn, where X is the sacrificed creature's power.
Karona, False God	{1}{W}{U}{B}{R}{G}	6	W, U, B, R, G	Legendary Creature — Avatar	5	5	Haste	SCG, SLD	1042.10458415328	13418	Haste / At the beginning of each player's upkeep, that player untaps Karona and gains control of it. / Whenever Karona attacks, creatures of the creature type of your choice get +3/+3 until end of turn.
