name	mana_cost	mv	colors	type	subtypes	power	toughness	printings	elo	edh	text
Millikin	{2}	2		Artifact Creature — Construct	Construct	0	1	DMR, EMA, FIC, MH2, ODY, PLST, SOC, TDC	1211	1244	{T}, Mill a card: Add {C}. (To mill a card, put the top card of your library into your graveyard.)
Millikin	{2}	2		Artifact Creature — Construct	Construct	0	1	DMR, EMA, FIC, MH2, ODY, PLST, SOC, TDC	1211	1244	{T}, Mill a card: Add {C}. (To mill a card, put the top card of your library into your graveyard.)
Cabal Trainee	{B}	1	B	Creature — Human Minion	Human, Minion	1	1	JUD	1201	27713	Sacrifice this creature: Target creature gets -2/-0 until end of turn.
Cabal Trainee	{B}	1	B	Creature — Human Minion	Human, Minion	1	1	JUD	1201	27713	Sacrifice this creature: Target creature gets -2/-0 until end of turn.
Cabal Trainee	{B}	1	B	Creature — Human Minion	Human, Minion	1	1	JUD	1201	27713	Sacrifice this creature: Target creature gets -2/-0 until end of turn.
Carrion Rats	{B}	1	B	Creature — Rat	Rat	2	1	PHUK, PSAL, TOR	1115	20816	Whenever this creature attacks or blocks, any player may exile a card from their graveyard. If a player does, this creature assigns no combat damage this turn.
Carrion Rats	{B}	1	B	Creature — Rat	Rat	2	1	PHUK, PSAL, TOR	1115	20816	Whenever this creature attacks or blocks, any player may exile a card from their graveyard. If a player does, this creature assigns no combat damage this turn.
Carrion Rats	{B}	1	B	Creature — Rat	Rat	2	1	PHUK, PSAL, TOR	1115	20816	Whenever this creature attacks or blocks, any player may exile a card from their graveyard. If a player does, this creature assigns no combat damage this turn.
Boneshard Slasher	{1}{B}	2	B	Creature — Horror	Horror	1	1	TOR	1170	27763	Flying / Threshold — As long as there are seven or more cards in your graveyard, this creature gets +2/+2 and has "When this creature becomes the target of a spell or ability, sacrifice it."
Boneshard Slasher	{1}{B}	2	B	Creature — Horror	Horror	1	1	TOR	1170	27763	Flying / Threshold — As long as there are seven or more cards in your graveyard, this creature gets +2/+2 and has "When this creature becomes the target of a spell or ability, sacrifice it."
Crypt Creeper	{1}{B}	2	B	Creature — Zombie	Zombie	2	1	AVR, ODY	1131	24722	Sacrifice this creature: Exile target card from a graveyard.
Crypt Creeper	{1}{B}	2	B	Creature — Zombie	Zombie	2	1	AVR, ODY	1131	24722	Sacrifice this creature: Exile target card from a graveyard.
Crypt Creeper	{1}{B}	2	B	Creature — Zombie	Zombie	2	1	AVR, ODY	1131	24722	Sacrifice this creature: Exile target card from a graveyard.
Mesmeric Fiend	{1}{B}	2	B	Creature — Nightmare Horror	Nightmare, Horror	1	1	A25, DDK, PLST, TOR, VMA	1326	19757	When this creature enters, target opponent reveals their hand and you choose a nonland card from it. Exile that card. / When this creature leaves the battlefield, return the exiled card to its owner's hand.
Mesmeric Fiend	{1}{B}	2	B	Creature — Nightmare Horror	Nightmare, Horror	1	1	A25, DDK, PLST, TOR, VMA	1326	19757	When this creature enters, target opponent reveals their hand and you choose a nonland card from it. Exile that card. / When this creature leaves the battlefield, return the exiled card to its owner's hand.
Mesmeric Fiend	{1}{B}	2	B	Creature — Nightmare Horror	Nightmare, Horror	1	1	A25, DDK, PLST, TOR, VMA	1326	19757	When this creature enters, target opponent reveals their hand and you choose a nonland card from it. Exile that card. / When this creature leaves the battlefield, return the exiled card to its owner's hand.
Nantuko Shade	{B}{B}	2	B	Creature — Insect Shade	Insect, Shade	2	1	C14, DMR, M11, TOR	1189	21012	{B}: This creature gets +1/+1 until end of turn.
Organ Grinder	{2}{B}	3	B	Creature — Zombie	Zombie	3	1	TOR	1190	29236	{T}, Exile three cards from your graveyard: Target player loses 3 life.
Organ Grinder	{2}{B}	3	B	Creature — Zombie	Zombie	3	1	TOR	1190	29236	{T}, Exile three cards from your graveyard: Target player loses 3 life.
Organ Grinder	{2}{B}	3	B	Creature — Zombie	Zombie	3	1	TOR	1190	29236	{T}, Exile three cards from your graveyard: Target player loses 3 life.
Treacherous Werewolf	{2}{B}	3	B	Creature — Werewolf Minion	Werewolf, Minion	2	2	JUD, PLST	1143	30386	Threshold — As long as there are seven or more cards in your graveyard, this creature gets +2/+2 and has "When this creature dies, you lose 4 life."
Treacherous Werewolf	{2}{B}	3	B	Creature — Werewolf Minion	Werewolf, Minion	2	2	JUD, PLST	1143	30386	Threshold — As long as there are seven or more cards in your graveyard, this creature gets +2/+2 and has "When this creature dies, you lose 4 life."
Treacherous Werewolf	{2}{B}	3	B	Creature — Werewolf Minion	Werewolf, Minion	2	2	JUD, PLST	1143	30386	Threshold — As long as there are seven or more cards in your graveyard, this creature gets +2/+2 and has "When this creature dies, you lose 4 life."
Braids, Cabal Minion	{2}{B}{B}	4	B	Legendary Creature — Human Minion	Human, Minion	2	2	EMA, MH2, ODY	1257	5344	At the beginning of each player's upkeep, that player sacrifices an artifact, creature, or land of their choice.
Cabal Surgeon	{2}{B}{B}	4	B	Creature — Human Minion	Human, Minion	2	1	TOR	1083	28886	{2}{B}{B}, {T}, Exile two cards from your graveyard: Return target creature card from your graveyard to your hand.
Cabal Surgeon	{2}{B}{B}	4	B	Creature — Human Minion	Human, Minion	2	1	TOR	1083	28886	{2}{B}{B}, {T}, Exile two cards from your graveyard: Return target creature card from your graveyard to your hand.
Cabal Surgeon	{2}{B}{B}	4	B	Creature — Human Minion	Human, Minion	2	1	TOR	1083	28886	{2}{B}{B}, {T}, Exile two cards from your graveyard: Return target creature card from your graveyard to your hand.
Childhood Horror	{3}{B}	4	B	Creature — Horror	Horror	2	2	ODY	1110	28341	Flying / Threshold — As long as there are seven or more cards in your graveyard, this creature gets +2/+2 and can't block.
Childhood Horror	{3}{B}	4	B	Creature — Horror	Horror	2	2	ODY	1110	28341	Flying / Threshold — As long as there are seven or more cards in your graveyard, this creature gets +2/+2 and can't block.
Faceless Butcher	{2}{B}{B}	4	B	Creature — Nightmare Horror	Nightmare, Horror	2	3	DMR, PD3, TOR, TSB	1267	16450	When this creature enters, exile another target creature. / When this creature leaves the battlefield, return the exiled card to the battlefield under its owner's control.
Faceless Butcher	{2}{B}{B}	4	B	Creature — Nightmare Horror	Nightmare, Horror	2	3	DMR, PD3, TOR, TSB	1267	16450	When this creature enters, exile another target creature. / When this creature leaves the battlefield, return the exiled card to the battlefield under its owner's control.
Faceless Butcher	{2}{B}{B}	4	B	Creature — Nightmare Horror	Nightmare, Horror	2	3	DMR, PD3, TOR, TSB	1267	16450	When this creature enters, exile another target creature. / When this creature leaves the battlefield, return the exiled card to the battlefield under its owner's control.
Gloomdrifter	{3}{B}	4	B	Creature — Zombie Minion	Zombie, Minion	2	2	TOR	1164	26302	Flying / Threshold — As long as there are seven or more cards in your graveyard, this creature has "When this creature enters, nonblack creatures get -2/-2 until end of turn."
Gloomdrifter	{3}{B}	4	B	Creature — Zombie Minion	Zombie, Minion	2	2	TOR	1164	26302	Flying / Threshold — As long as there are seven or more cards in your graveyard, this creature has "When this creature enters, nonblack creatures get -2/-2 until end of turn."
Gravedigger	{3}{B}	4	B	Creature — Zombie	Zombie	2	2	10E, 6ED, 7ED, 8ED, 9ED, AKH, AKR, BTD, CM2, CMD, DCI, EMA, HOP, J22, J25, M10, M11, M12, M15, M19, M20, ODY, PLST, POR, PS11, PSAL, S99, TMP, TPR	1279	8750	When this creature enters, you may return target creature card from your graveyard to your hand.
Gravedigger	{3}{B}	4	B	Creature — Zombie	Zombie	2	2	10E, 6ED, 7ED, 8ED, 9ED, AKH, AKR, BTD, CM2, CMD, DCI, EMA, HOP, J22, J25, M10, M11, M12, M15, M19, M20, ODY, PLST, POR, PS11, PSAL, S99, TMP, TPR	1279	8750	When this creature enters, you may return target creature card from your graveyard to your hand.
Gravedigger	{3}{B}	4	B	Creature — Zombie	Zombie	2	2	10E, 6ED, 7ED, 8ED, 9ED, AKH, AKR, BTD, CM2, CMD, DCI, EMA, HOP, J22, J25, M10, M11, M12, M15, M19, M20, ODY, PLST, POR, PS11, PSAL, S99, TMP, TPR	1279	8750	When this creature enters, you may return target creature card from your graveyard to your hand.
Mortivore	{2}{B}{B}	4	B	Creature — Lhurgoyf	Lhurgoyf	*	*	10E, 9ED, CM2, CMD, DPA, M3C, ODY, PS11	1292	5021	Mortivore's power and toughness are each equal to the number of creature cards in all graveyards. / {B}: Regenerate this creature. (The next time this creature would be destroyed this turn, instead tap it, remove it from combat, and heal all damage on it.)
Painbringer	{2}{B}{B}	4	B	Creature — Human Minion	Human, Minion	1	1	ODY	1167	28799	{T}, Exile any number of cards from your graveyard: Target creature gets -X/-X until end of turn, where X is the number of cards exiled this way.
Painbringer	{2}{B}{B}	4	B	Creature — Human Minion	Human, Minion	1	1	ODY	1167	28799	{T}, Exile any number of cards from your graveyard: Target creature gets -X/-X until end of turn, where X is the number of cards exiled this way.
Carrion Wurm	{3}{B}{B}	5	B	Creature — Zombie Wurm	Zombie, Wurm	6	5	TOR	1161	29294	Whenever this creature attacks or blocks, any player may exile three cards from their graveyard. If a player does, this creature assigns no combat damage this turn.
Carrion Wurm	{3}{B}{B}	5	B	Creature — Zombie Wurm	Zombie, Wurm	6	5	TOR	1161	29294	Whenever this creature attacks or blocks, any player may exile three cards from their graveyard. If a player does, this creature assigns no combat damage this turn.
Masked Gorgon	{4}{B}	5	B	Creature — Gorgon	Gorgon	5	5	JUD	1167	28546	Green creatures and white creatures have protection from Gorgons. / Threshold — This creature has protection from green and from white as long as there are seven or more cards in your graveyard.
Repentant Vampire	{3}{B}{B}	5	B	Creature — Vampire	Vampire	3	3	ODY	1196	28622	Flying / Whenever a creature dealt damage by this creature this turn dies, put a +1/+1 counter on this creature. / Threshold — As long as there are seven or more cards in your graveyard, this creature is white and has "{T}: Destroy target black creature."
Treacherous Vampire	{4}{B}	5	B	Creature — Vampire	Vampire	4	4	JUD	1133	30936	Flying / Whenever this creature attacks or blocks, sacrifice it unless you exile a card from your graveyard. / Threshold — As long as there are seven or more cards in your graveyard, this creature gets +2/+2 and has "When this creature dies, you lose 6 life."
Treacherous Vampire	{4}{B}	5	B	Creature — Vampire	Vampire	4	4	JUD	1133	30936	Flying / Whenever this creature attacks or blocks, sacrifice it unless you exile a card from your graveyard. / Threshold — As long as there are seven or more cards in your graveyard, this creature gets +2/+2 and has "When this creature dies, you lose 6 life."
Cabal Patriarch	{3}{B}{B}{B}	6	B	Legendary Creature — Human Wizard	Human, Wizard	5	5	CMM, ODY	1158	25944	{2}{B}, Sacrifice a creature: Target creature gets -2/-2 until end of turn. / {2}{B}, Exile a creature card from your graveyard: Target creature gets -2/-2 until end of turn.
Laquatus's Champion	{4}{B}{B}	6	B	Creature — Nightmare Horror	Nightmare, Horror	6	3	A25, PRM, PTOR, TOR, VMA	1217	25063	When this creature enters, target player loses 6 life. / When this creature leaves the battlefield, that player gains 6 life. / {B}: Regenerate this creature.
Sutured Ghoul	{4}{B}{B}{B}	7	B	Creature — Zombie	Zombie	*	*	JUD, M12	1181	25639	Trample / As this creature enters, exile any number of creature cards from your graveyard. / Sutured Ghoul's power is equal to the total power of the exiled cards and its toughness is equal to their total toughness.
Vampiric Dragon	{6}{B}{R}	8	B, R	Creature — Vampire Dragon	Vampire, Dragon	5	5	ARC, ODY, PS11, TD0, VOC	1099	19092	Flying / Whenever a creature dealt damage by this creature this turn dies, put a +1/+1 counter on this creature. / {1}{R}: This creature deals 1 damage to target creature.
Basking Rootwalla	{G}	1	G	Creature — Lizard	Lizard	1	1	DDD, F07, GVL, MB2, PLST, PRM, TOR, UMA, VMA, WC03	1265	15814	{1}{G}: This creature gets +2/+2 until end of turn. Activate only once each turn. / Madness {0} (If you discard this card, discard it into exile. When you do, cast it for its madness cost or put it into your graveyard.)
Basking Rootwalla	{G}	1	G	Creature — Lizard	Lizard	1	1	DDD, F07, GVL, MB2, PLST, PRM, TOR, UMA, VMA, WC03	1265	15814	{1}{G}: This creature gets +2/+2 until end of turn. Activate only once each turn. / Madness {0} (If you discard this card, discard it into exile. When you do, cast it for its madness cost or put it into your graveyard.)
Basking Rootwalla	{G}	1	G	Creature — Lizard	Lizard	1	1	DDD, F07, GVL, MB2, PLST, PRM, TOR, UMA, VMA, WC03	1265	15814	{1}{G}: This creature gets +2/+2 until end of turn. Activate only once each turn. / Madness {0} (If you discard this card, discard it into exile. When you do, cast it for its madness cost or put it into your graveyard.)
Diligent Farmhand	{G}	1	G	Creature — Human Druid	Human, Druid	1	1	ODY, PLST	1285	11503	{1}{G}, Sacrifice this creature: Search your library for a basic land card, put that card onto the battlefield tapped, then shuffle. / If this card is in a graveyard, effects from spells named Muscle Burst count it as a card named Muscle Burst.
Diligent Farmhand	{G}	1	G	Creature — Human Druid	Human, Druid	1	1	ODY, PLST	1285	11503	{1}{G}, Sacrifice this creature: Search your library for a basic land card, put that card onto the battlefield tapped, then shuffle. / If this card is in a graveyard, effects from spells named Muscle Burst count it as a card named Muscle Burst.
Diligent Farmhand	{G}	1	G	Creature — Human Druid	Human, Druid	1	1	ODY, PLST	1285	11503	{1}{G}, Sacrifice this creature: Search your library for a basic land card, put that card onto the battlefield tapped, then shuffle. / If this card is in a graveyard, effects from spells named Muscle Burst count it as a card named Muscle Burst.
Nantuko Tracer	{1}{G}	2	G	Creature — Insect Druid	Insect, Druid	2	1	JUD	1122	26086	When this creature enters, you may put target card from a graveyard on the bottom of its owner's library.
Nantuko Tracer	{1}{G}	2	G	Creature — Insect Druid	Insect, Druid	2	1	JUD	1122	26086	When this creature enters, you may put target card from a graveyard on the bottom of its owner's library.
Nantuko Tracer	{1}{G}	2	G	Creature — Insect Druid	Insect, Druid	2	1	JUD	1122	26086	When this creature enters, you may put target card from a graveyard on the bottom of its owner's library.
Seton's Scout	{1}{G}	2	G	Creature — Centaur Druid Scout Archer	Centaur, Druid, Scout, Archer	2	1	PLST, TOR, WC02	1149	28567	Reach (This creature can block creatures with flying.) / Threshold — This creature gets +2/+2 as long as there are seven or more cards in your graveyard.
Seton's Scout	{1}{G}	2	G	Creature — Centaur Druid Scout Archer	Centaur, Druid, Scout, Archer	2	1	PLST, TOR, WC02	1149	28567	Reach (This creature can block creatures with flying.) / Threshold — This creature gets +2/+2 as long as there are seven or more cards in your graveyard.
Werebear	{1}{G}	2	G	Creature — Human Bear Druid	Human, Bear, Druid	1	1	DMR, EMA, ODY, PLST, TD0, WC02	1376	7921	{T}: Add {G}. / Threshold — This creature gets +3/+3 as long as there are seven or more cards in your graveyard.
Werebear	{1}{G}	2	G	Creature — Human Bear Druid	Human, Bear, Druid	1	1	DMR, EMA, ODY, PLST, TD0, WC02	1376	7921	{T}: Add {G}. / Threshold — This creature gets +3/+3 as long as there are seven or more cards in your graveyard.
Werebear	{1}{G}	2	G	Creature — Human Bear Druid	Human, Bear, Druid	1	1	DMR, EMA, ODY, PLST, TD0, WC02	1376	7921	{T}: Add {G}. / Threshold — This creature gets +3/+3 as long as there are seven or more cards in your graveyard.
Wild Mongrel	{1}{G}	2	G	Creature — Dog	Dog	2	2	DDD, F06, GVL, ODY, PLST, PRM, SLC, TD0, UMA, VMA, WC02, WC03	1331	14061	Discard a card: This creature gets +1/+1 and becomes the color of your choice until end of turn.
Wild Mongrel	{1}{G}	2	G	Creature — Dog	Dog	2	2	DDD, F06, GVL, ODY, PLST, PRM, SLC, TD0, UMA, VMA, WC02, WC03	1331	14061	Discard a card: This creature gets +1/+1 and becomes the color of your choice until end of turn.
Wild Mongrel	{1}{G}	2	G	Creature — Dog	Dog	2	2	DDD, F06, GVL, ODY, PLST, PRM, SLC, TD0, UMA, VMA, WC02, WC03	1331	14061	Discard a card: This creature gets +1/+1 and becomes the color of your choice until end of turn.
Anurid Swarmsnapper	{2}{G}	3	G	Creature — Frog Beast	Frog, Beast	1	4	JUD	1102	21444	Reach (This creature can block creatures with flying.) / {1}{G}: This creature can block an additional creature this turn.
Anurid Swarmsnapper	{2}{G}	3	G	Creature — Frog Beast	Frog, Beast	1	4	JUD	1102	21444	Reach (This creature can block creatures with flying.) / {1}{G}: This creature can block an additional creature this turn.
Cartographer	{2}{G}	3	G	Creature — Human	Human	2	2	EXO, ODY	1214	24839	When this creature enters, you may return target land card from your graveyard to your hand.
Cartographer	{2}{G}	3	G	Creature — Human	Human	2	2	EXO, ODY	1214	24839	When this creature enters, you may return target land card from your graveyard to your hand.
Cartographer	{2}{G}	3	G	Creature — Human	Human	2	2	EXO, ODY	1214	24839	When this creature enters, you may return target land card from your graveyard to your hand.
Chlorophant	{G}{G}{G}	3	G	Creature — Elemental	Elemental	1	1	ODY	1187	26905	At the beginning of your upkeep, you may put a +1/+1 counter on this creature. / Threshold — As long as there are seven or more cards in your graveyard, this creature has "At the beginning of your upkeep, you may put another +1/+1 counter on this creature."
Krosan Avenger	{2}{G}	3	G	Creature — Human Druid	Human, Druid	3	1	ODY	1087	30505	Trample / Threshold — {1}{G}: Regenerate this creature. Activate only if there are seven or more cards in your graveyard.
Krosan Avenger	{2}{G}	3	G	Creature — Human Druid	Human, Druid	3	1	ODY	1087	30505	Trample / Threshold — {1}{G}: Regenerate this creature. Activate only if there are seven or more cards in your graveyard.
Krosan Avenger	{2}{G}	3	G	Creature — Human Druid	Human, Druid	3	1	ODY	1087	30505	Trample / Threshold — {1}{G}: Regenerate this creature. Activate only if there are seven or more cards in your graveyard.
Squirrel Mob	{1}{G}{G}	3	G	Creature — Squirrel	Squirrel	2	2	BLC, J21, MH2, ODY, PLST, SLD	1212	5996	This creature gets +1/+1 for each other Squirrel on the battlefield.
Centaur Chieftain	{3}{G}	4	G	Creature — Centaur	Centaur	3	3	EMA, TOR	1193	27409	Haste / Threshold — As long as there are seven or more cards in your graveyard, this creature has "When this creature enters, creatures you control get +1/+1 and gain trample until end of turn."
Centaur Chieftain	{3}{G}	4	G	Creature — Centaur	Centaur	3	3	EMA, TOR	1193	27409	Haste / Threshold — As long as there are seven or more cards in your graveyard, this creature has "When this creature enters, creatures you control get +1/+1 and gain trample until end of turn."
Nantuko Calmer	{2}{G}{G}	4	G	Creature — Insect Druid	Insect, Druid	2	3	TOR	1117	27388	{G}, {T}, Sacrifice this creature: Destroy target enchantment. / Threshold — This creature gets +1/+1 as long as there are seven or more cards in your graveyard.
Nantuko Calmer	{2}{G}{G}	4	G	Creature — Insect Druid	Insect, Druid	2	3	TOR	1117	27388	{G}, {T}, Sacrifice this creature: Destroy target enchantment. / Threshold — This creature gets +1/+1 as long as there are seven or more cards in your graveyard.
Nantuko Calmer	{2}{G}{G}	4	G	Creature — Insect Druid	Insect, Druid	2	3	TOR	1117	27388	{G}, {T}, Sacrifice this creature: Destroy target enchantment. / Threshold — This creature gets +1/+1 as long as there are seven or more cards in your graveyard.
Nantuko Cultivator	{3}{G}	4	G	Creature — Insect Druid	Insect, Druid	2	2	J21, J22, MH1, OTC, TOR	1209	12932	When this creature enters, you may discard any number of land cards. Put that many +1/+1 counters on this creature and draw that many cards.
Possessed Centaur	{2}{G}{G}	4	G	Creature — Centaur Horror	Centaur, Horror	3	3	TOR	1184	30678	Trample / Threshold — As long as there are seven or more cards in your graveyard, this creature gets +1/+1, is black, and has "{2}{B}, {T}: Destroy target green creature."
Zoologist	{3}{G}	4	G	Creature — Human Druid	Human, Druid	1	2	ODY	1190	24085	{3}{G}, {T}: Reveal the top card of your library. If it's a creature card, put it onto the battlefield. Otherwise, put it into your graveyard.
Arrogant Wurm	{3}{G}{G}	5	G	Creature — Wurm	Wurm	4	4	F06, PLST, PRM, TOR, VMA, WC03	1252	23913	Trample / Madness {2}{G} (If you discard this card, discard it into exile. When you do, cast it for its madness cost or put it into your graveyard.)
Arrogant Wurm	{3}{G}{G}	5	G	Creature — Wurm	Wurm	4	4	F06, PLST, PRM, TOR, VMA, WC03	1252	23913	Trample / Madness {2}{G} (If you discard this card, discard it into exile. When you do, cast it for its madness cost or put it into your graveyard.)
Gorilla Titan	{3}{G}{G}	5	G	Creature — Ape	Ape	4	4	ODY	1200	20616	Trample / This creature gets +4/+4 as long as there are no cards in your graveyard.
Gorilla Titan	{3}{G}{G}	5	G	Creature — Ape	Ape	4	4	ODY	1200	20616	Trample / This creature gets +4/+4 as long as there are no cards in your graveyard.
Rabid Elephant	{4}{G}	5	G	Creature — Elephant	Elephant	3	4	ODY	1174	28202	Whenever this creature becomes blocked, it gets +2/+2 until end of turn for each creature blocking it.
Rabid Elephant	{4}{G}	5	G	Creature — Elephant	Elephant	3	4	ODY	1174	28202	Whenever this creature becomes blocked, it gets +2/+2 until end of turn for each creature blocking it.
Rabid Elephant	{4}{G}	5	G	Creature — Elephant	Elephant	3	4	ODY	1174	28202	Whenever this creature becomes blocked, it gets +2/+2 until end of turn for each creature blocking it.
Giant Warthog	{5}{G}	6	G	Creature — Boar Beast	Boar, Beast	5	5	JUD	1087	28613	Trample
Giant Warthog	{5}{G}	6	G	Creature — Boar Beast	Boar, Beast	5	5	JUD	1087	28613	Trample
Giant Warthog	{5}{G}	6	G	Creature — Boar Beast	Boar, Beast	5	5	JUD	1087	28613	Trample
Nut Collector	{5}{G}	6	G	Creature — Human Druid	Human, Druid	1	1	DMR, ODY, PLST	1228	7910	At the beginning of your upkeep, you may create a 1/1 green Squirrel creature token. / Threshold — All Squirrels get +2/+2 as long as there are seven or more cards in your graveyard.
Thriss, Nantuko Primus	{5}{G}{G}	7	G	Legendary Creature — Insect Druid	Insect, Druid	5	5	JUD	1188	24026	{G}, {T}: Target creature gets +5/+5 until end of turn.
Grim Lavamancer	{R}	1	R	Creature — Human Wizard	Human, Wizard	1	1	2XM, DMR, E01, G06, JMP, M12, PD2, PRM, TOR	1334	14995	{R}, {T}, Exile two cards from your graveyard: This creature deals 2 damage to any target.
Spark Mage	{R}	1	R	Creature — Dwarf Wizard	Dwarf, Wizard	1	1	ODY	1154	10190	Whenever this creature deals combat damage to a player, you may have this creature deal 1 damage to target creature that player controls.
Spark Mage	{R}	1	R	Creature — Dwarf Wizard	Dwarf, Wizard	1	1	ODY	1154	10190	Whenever this creature deals combat damage to a player, you may have this creature deal 1 damage to target creature that player controls.
Barbarian Outcast	{1}{R}	2	R	Creature — Human Barbarian Beast	Human, Barbarian, Beast	2	2	TOR	1121	30118	When you control no Swamps, sacrifice this creature.
Barbarian Outcast	{1}{R}	2	R	Creature — Human Barbarian Beast	Human, Barbarian, Beast	2	2	TOR	1121	30118	When you control no Swamps, sacrifice this creature.
Barbarian Outcast	{1}{R}	2	R	Creature — Human Barbarian Beast	Human, Barbarian, Beast	2	2	TOR	1121	30118	When you control no Swamps, sacrifice this creature.
Minotaur Explorer	{1}{R}	2	R	Creature — Minotaur Scout	Minotaur, Scout	3	3	ODY	1164	29453	When this creature enters, sacrifice it unless you discard a card at random.
Minotaur Explorer	{1}{R}	2	R	Creature — Minotaur Scout	Minotaur, Scout	3	3	ODY	1164	29453	When this creature enters, sacrifice it unless you discard a card at random.
Balthor the Stout	{1}{R}{R}	3	R	Legendary Creature — Dwarf Barbarian	Dwarf, Barbarian	2	2	TOR	1144	23958	Other Barbarian creatures get +1/+1. / {R}: Another target Barbarian creature gets +1/+0 until end of turn.
Barbarian Lunatic	{2}{R}	3	R	Creature — Human Barbarian	Human, Barbarian	2	1	ODY	1094	28957	{2}{R}, Sacrifice this creature: It deals 2 damage to target creature.
Barbarian Lunatic	{2}{R}	3	R	Creature — Human Barbarian	Human, Barbarian	2	1	ODY	1094	28957	{2}{R}, Sacrifice this creature: It deals 2 damage to target creature.
Barbarian Lunatic	{2}{R}	3	R	Creature — Human Barbarian	Human, Barbarian	2	1	ODY	1094	28957	{2}{R}, Sacrifice this creature: It deals 2 damage to target creature.
Dwarven Bloodboiler	{R}{R}{R}	3	R	Creature — Dwarf	Dwarf	2	2	JUD, PLST	1145	9119	Tap an untapped Dwarf you control: Target creature gets +2/+0 until end of turn.
Dwarven Recruiter	{2}{R}	3	R	Creature — Dwarf	Dwarf	2	2	ODY, PLST	1114	11700	When this creature enters, search your library for any number of Dwarf cards, reveal them, then shuffle and put those cards on top in any order.
Dwarven Recruiter	{2}{R}	3	R	Creature — Dwarf	Dwarf	2	2	ODY, PLST	1114	11700	When this creature enters, search your library for any number of Dwarf cards, reveal them, then shuffle and put those cards on top in any order.
Ember Beast	{2}{R}	3	R	Creature — Beast	Beast	3	4	BBD, CN2, DMR, GTC, ODY	1089	29269	This creature can't attack or block alone.
Ember Beast	{2}{R}	3	R	Creature — Beast	Beast	3	4	BBD, CN2, DMR, GTC, ODY	1089	29269	This creature can't attack or block alone.
Ember Beast	{2}{R}	3	R	Creature — Beast	Beast	3	4	BBD, CN2, DMR, GTC, ODY	1089	29269	This creature can't attack or block alone.
Longhorn Firebeast	{2}{R}	3	R	Creature — Elemental Ox Beast	Elemental, Ox, Beast	3	2	TOR	1114	26149	When this creature enters, any opponent may have it deal 5 damage to them. If a player does, sacrifice this creature.
Longhorn Firebeast	{2}{R}	3	R	Creature — Elemental Ox Beast	Elemental, Ox, Beast	3	2	TOR	1114	26149	When this creature enters, any opponent may have it deal 5 damage to them. If a player does, sacrifice this creature.
Longhorn Firebeast	{2}{R}	3	R	Creature — Elemental Ox Beast	Elemental, Ox, Beast	3	2	TOR	1114	26149	When this creature enters, any opponent may have it deal 5 damage to them. If a player does, sacrifice this creature.
Pitchstone Wall	{2}{R}	3	R	Creature — Wall	Wall	2	5	PLST, TOR	1118	26435	Defender (This creature can't attack.) / Whenever you discard a card, you may sacrifice this creature. If you do, return the discarded card from your graveyard to your hand.
Pitchstone Wall	{2}{R}	3	R	Creature — Wall	Wall	2	5	PLST, TOR	1118	26435	Defender (This creature can't attack.) / Whenever you discard a card, you may sacrifice this creature. If you do, return the discarded card from your graveyard to your hand.
Anger	{3}{R}	4	R	Creature — Incarnation	Incarnation	2	2	AFC, CMA, CMD, DDI, FIC, JUD, LTC, M3C, PLST, PZ1, SLD, SOC, TD0, UMA, WC03	1274	351	Haste / As long as this card is in your graveyard and you control a Mountain, creatures you control have haste.
Anger	{3}{R}	4	R	Creature — Incarnation	Incarnation	2	2	AFC, CMA, CMD, DDI, FIC, JUD, LTC, M3C, PLST, PZ1, SLD, SOC, TD0, UMA, WC03	1274	351	Haste / As long as this card is in your graveyard and you control a Mountain, creatures you control have haste.
Bomb Squad	{3}{R}	4	R	Creature — Dwarf	Dwarf	1	1	ODY	1127	18968	{T}: Put a fuse counter on target creature. / At the beginning of your upkeep, put a fuse counter on each creature with a fuse counter on it. / Whenever a creature has four or more fuse counters on it, remove all fuse counters from it and destroy it. That creature deals 4 damage to its controller.
Chainflinger	{3}{R}	4	R	Creature — Beast	Beast	2	2	ODY	1160	30072	{1}{R}, {T}: This creature deals 1 damage to any target. / Threshold — {2}{R}, {T}: This creature deals 2 damage to any target. Activate only if there are seven or more cards in your graveyard.
Chainflinger	{3}{R}	4	R	Creature — Beast	Beast	2	2	ODY	1160	30072	{1}{R}, {T}: This creature deals 1 damage to any target. / Threshold — {2}{R}, {T}: This creature deals 2 damage to any target. Activate only if there are seven or more cards in your graveyard.
Chainflinger	{3}{R}	4	R	Creature — Beast	Beast	2	2	ODY	1160	30072	{1}{R}, {T}: This creature deals 1 damage to any target. / Threshold — {2}{R}, {T}: This creature deals 2 damage to any target. Activate only if there are seven or more cards in your graveyard.
Dwarven Driller	{3}{R}	4	R	Creature — Dwarf	Dwarf	2	2	JUD	1152	16915	{T}: Destroy target land unless its controller has this creature deal 2 damage to them.
Dwarven Driller	{3}{R}	4	R	Creature — Dwarf	Dwarf	2	2	JUD	1152	16915	{T}: Destroy target land unless its controller has this creature deal 2 damage to them.
Fledgling Dragon	{2}{R}{R}	4	R	Creature — Dragon	Dragon	2	2	JUD, MH3	1222	20544	Flying / Threshold — As long as there are seven or more cards in your graveyard, this creature gets +3/+3 and has "{R}: This creature gets +1/+0 until end of turn."
Halberdier	{3}{R}	4	R	Creature — Human Barbarian	Human, Barbarian	3	1	ODY	1067	29290	First strike
Halberdier	{3}{R}	4	R	Creature — Human Barbarian	Human, Barbarian	3	1	ODY	1067	29290	First strike
Halberdier	{3}{R}	4	R	Creature — Human Barbarian	Human, Barbarian	3	1	ODY	1067	29290	First strike
Jeska, Warrior Adept	{2}{R}{R}	4	R	Legendary Creature — Human Barbarian Warrior	Human, Barbarian, Warrior	3	1	JUD	1242	18944	First strike, haste / {T}: Jeska deals 1 damage to any target.
Pardic Collaborator	{3}{R}	4	R	Creature — Human Barbarian	Human, Barbarian	2	2	PLST, TOR	1089	30845	First strike / {B}: This creature gets +1/+1 until end of turn.
Pardic Collaborator	{3}{R}	4	R	Creature — Human Barbarian	Human, Barbarian	2	2	PLST, TOR	1089	30845	First strike / {B}: This creature gets +1/+1 until end of turn.
Pardic Firecat	{3}{R}	4	R	Creature — Elemental Cat	Elemental, Cat	2	3	ODY	1135	31001	Haste / If this card is in a graveyard, effects from spells named Flame Burst count it as a card named Flame Burst.
Pardic Firecat	{3}{R}	4	R	Creature — Elemental Cat	Elemental, Cat	2	3	ODY	1135	31001	Haste / If this card is in a graveyard, effects from spells named Flame Burst count it as a card named Flame Burst.
Pardic Firecat	{3}{R}	4	R	Creature — Elemental Cat	Elemental, Cat	2	3	ODY	1135	31001	Haste / If this card is in a graveyard, effects from spells named Flame Burst count it as a card named Flame Burst.
Possessed Barbarian	{2}{R}{R}	4	R	Creature — Human Barbarian Horror	Human, Barbarian, Horror	3	3	TOR	1184	30601	First strike / Threshold — As long as there are seven or more cards in your graveyard, this creature gets +1/+1, is black, and has "{2}{B}, {T}: Destroy target red creature."
Dwarven Strike Force	{4}{R}	5	R	Creature — Dwarf Berserker	Dwarf, Berserker	4	3	ODY	1154	29573	Discard a card at random: This creature gains first strike and haste until end of turn.
Dwarven Strike Force	{4}{R}	5	R	Creature — Dwarf Berserker	Dwarf, Berserker	4	3	ODY	1154	29573	Discard a card at random: This creature gains first strike and haste until end of turn.
Frenetic Ogre	{4}{R}	5	R	Creature — Ogre	Ogre	2	3	ODY	1104	30927	{R}, Discard a card at random: This creature gets +3/+0 until end of turn.
Frenetic Ogre	{4}{R}	5	R	Creature — Ogre	Ogre	2	3	ODY	1104	30927	{R}, Discard a card at random: This creature gets +3/+0 until end of turn.
Savage Firecat	{3}{R}{R}	5	R	Creature — Elemental Cat	Elemental, Cat	0	0	ODY	1190	29892	Trample / This creature enters with seven +1/+1 counters on it. / Whenever you tap a land for mana, remove a +1/+1 counter from this creature.
Kamahl, Pit Fighter	{4}{R}{R}	6	R	Legendary Creature — Human Barbarian	Human, Barbarian	6	1	10E, DDL, DDS, DPA, ODY, P15A, PRM, PS11, PSAL	1201	17532	Haste (This creature can attack and {T} as soon as it comes under your control.) / {T}: Kamahl deals 3 damage to any target.
Cephalid Scout	{1}{U}	2	U	Creature — Octopus Wizard Scout	Octopus, Wizard, Scout	1	1	ODY	1118	25920	Flying / {2}{U}, Sacrifice a land: Draw a card.
Cephalid Scout	{1}{U}	2	U	Creature — Octopus Wizard Scout	Octopus, Wizard, Scout	1	1	ODY	1118	25920	Flying / {2}{U}, Sacrifice a land: Draw a card.
Cephalid Scout	{1}{U}	2	U	Creature — Octopus Wizard Scout	Octopus, Wizard, Scout	1	1	ODY	1118	25920	Flying / {2}{U}, Sacrifice a land: Draw a card.
Cephalid Vandal	{1}{U}	2	U	Creature — Octopus Rogue	Octopus, Rogue	1	1	TOR	1124	20633	At the beginning of your upkeep, put a shred counter on this creature. Then mill a card for each shred counter on this creature.
Thought Eater	{1}{U}	2	U	Creature — Beast	Beast	2	2	ODY	1187	13375	Flying / Your maximum hand size is reduced by three.
Thought Eater	{1}{U}	2	U	Creature — Beast	Beast	2	2	ODY	1187	13375	Flying / Your maximum hand size is reduced by three.
Ambassador Laquatus	{1}{U}{U}	3	U	Legendary Creature — Merfolk Wizard	Merfolk, Wizard	1	3	10E, TOR	1244	18250	{3}: Target player mills three cards.
Cephalid Looter	{2}{U}	3	U	Creature — Octopus Rogue	Octopus, Rogue	2	1	ODY	1280	18710	{T}: Target player draws a card, then discards a card.
Cephalid Looter	{2}{U}	3	U	Creature — Octopus Rogue	Octopus, Rogue	2	1	ODY	1280	18710	{T}: Target player draws a card, then discards a card.
Cephalid Looter	{2}{U}	3	U	Creature — Octopus Rogue	Octopus, Rogue	2	1	ODY	1280	18710	{T}: Target player draws a card, then discards a card.
Puppeteer	{2}{U}	3	U	Creature — Human Wizard	Human, Wizard	1	2	10E, 8ED, 9ED, ODY, PSAL	1177	15142	{U}, {T}: You may tap or untap target creature.
Puppeteer	{2}{U}	3	U	Creature — Human Wizard	Human, Wizard	1	2	10E, 8ED, 9ED, ODY, PSAL	1177	15142	{U}, {T}: You may tap or untap target creature.
Skywing Aven	{2}{U}	3	U	Creature — Bird Soldier	Bird, Soldier	2	1	TOR, UMA, VMA	1105	28055	Flying / Discard a card: Return this creature to its owner's hand.
Skywing Aven	{2}{U}	3	U	Creature — Bird Soldier	Bird, Soldier	2	1	TOR, UMA, VMA	1105	28055	Flying / Discard a card: Return this creature to its owner's hand.
Skywing Aven	{2}{U}	3	U	Creature — Bird Soldier	Bird, Soldier	2	1	TOR, UMA, VMA	1105	28055	Flying / Discard a card: Return this creature to its owner's hand.
Wormfang Drake	{2}{U}	3	U	Creature — Nightmare Drake	Nightmare, Drake	3	4	DMR, JUD	1178	22663	Flying / When this creature enters, sacrifice it unless you exile a creature you control other than this creature. / When this creature leaves the battlefield, return the exiled card to the battlefield under its owner's control.
Wormfang Drake	{2}{U}	3	U	Creature — Nightmare Drake	Nightmare, Drake	3	4	DMR, JUD	1178	22663	Flying / When this creature enters, sacrifice it unless you exile a creature you control other than this creature. / When this creature leaves the battlefield, return the exiled card to the battlefield under its owner's control.
Wormfang Drake	{2}{U}	3	U	Creature — Nightmare Drake	Nightmare, Drake	3	4	DMR, JUD	1178	22663	Flying / When this creature enters, sacrifice it unless you exile a creature you control other than this creature. / When this creature leaves the battlefield, return the exiled card to the battlefield under its owner's control.
Aven Fisher	{3}{U}	4	U	Creature — Bird Soldier	Bird, Soldier	2	2	10E, 8ED, 9ED, DMR, ODY, PLST	1158	23674	Flying (This creature can't be blocked except by creatures with flying or reach.) / When this creature dies, you may draw a card.
Aven Fisher	{3}{U}	4	U	Creature — Bird Soldier	Bird, Soldier	2	2	10E, 8ED, 9ED, DMR, ODY, PLST	1158	23674	Flying (This creature can't be blocked except by creatures with flying or reach.) / When this creature dies, you may draw a card.
Aven Fisher	{3}{U}	4	U	Creature — Bird Soldier	Bird, Soldier	2	2	10E, 8ED, 9ED, DMR, ODY, PLST	1158	23674	Flying (This creature can't be blocked except by creatures with flying or reach.) / When this creature dies, you may draw a card.
Balshan Collaborator	{3}{U}	4	U	Creature — Bird Soldier	Bird, Soldier	2	2	TOR	1138	31240	Flying / {B}: This creature gets +1/+1 until end of turn.
Balshan Collaborator	{3}{U}	4	U	Creature — Bird Soldier	Bird, Soldier	2	2	TOR	1138	31240	Flying / {B}: This creature gets +1/+1 until end of turn.
Cephalid Broker	{3}{U}	4	U	Creature — Octopus	Octopus	2	2	IMA, ODY, PLST	1201	16311	{T}: Target player draws two cards, then discards two cards.
Cephalid Broker	{3}{U}	4	U	Creature — Octopus	Octopus	2	2	IMA, ODY, PLST	1201	16311	{T}: Target player draws two cards, then discards two cards.
Cephalid Sage	{3}{U}	4	U	Creature — Octopus	Octopus	2	3	EMA, TOR	1168	25015	Threshold — As long as there are seven or more cards in your graveyard, this creature has "When this creature enters, draw three cards, then discard two cards."
Cephalid Sage	{3}{U}	4	U	Creature — Octopus	Octopus	2	3	EMA, TOR	1168	25015	Threshold — As long as there are seven or more cards in your graveyard, this creature has "When this creature enters, draw three cards, then discard two cards."
Mirror Wall	{3}{U}	4	U	Creature — Wall	Wall	3	4	JUD	1134	28501	Defender (This creature can't attack.) / {W}: This creature can attack this turn as though it didn't have defender.
Mirror Wall	{3}{U}	4	U	Creature — Wall	Wall	3	4	JUD	1134	28501	Defender (This creature can't attack.) / {W}: This creature can attack this turn as though it didn't have defender.
Mirror Wall	{3}{U}	4	U	Creature — Wall	Wall	3	4	JUD	1134	28501	Defender (This creature can't attack.) / {W}: This creature can attack this turn as though it didn't have defender.
Possessed Aven	{2}{U}{U}	4	U	Creature — Bird Soldier Horror	Bird, Soldier, Horror	3	3	TOR	1155	29364	Flying / Threshold — As long as there are seven or more cards in your graveyard, this creature gets +1/+1, is black, and has "{2}{B}, {T}: Destroy target blue creature."
Aven Windreader	{3}{U}{U}	5	U	Creature — Bird Soldier Wizard	Bird, Soldier, Wizard	3	3	10E, 9ED, ODY, PSAL	1120	28740	Flying (This creature can't be blocked except by creatures with flying or reach.) / {1}{U}: Target player reveals the top card of their library.
Aven Windreader	{3}{U}{U}	5	U	Creature — Bird Soldier Wizard	Bird, Soldier, Wizard	3	3	10E, 9ED, ODY, PSAL	1120	28740	Flying (This creature can't be blocked except by creatures with flying or reach.) / {1}{U}: Target player reveals the top card of their library.
Aven Windreader	{3}{U}{U}	5	U	Creature — Bird Soldier Wizard	Bird, Soldier, Wizard	3	3	10E, 9ED, ODY, PSAL	1120	28740	Flying (This creature can't be blocked except by creatures with flying or reach.) / {1}{U}: Target player reveals the top card of their library.
Balshan Griffin	{3}{U}{U}	5	U	Creature — Griffin	Griffin	3	2	ODY	1164	31121	Flying / {1}{U}, Discard a card: Return this creature to its owner's hand.
Balshan Griffin	{3}{U}{U}	5	U	Creature — Griffin	Griffin	3	2	ODY	1164	31121	Flying / {1}{U}, Discard a card: Return this creature to its owner's hand.
Scalpelexis	{4}{U}	5	U	Creature — Beast	Beast	1	5	10E, JUD, PLST	1196	27819	Flying (This creature can't be blocked except by creatures with flying or reach.) / Whenever this creature deals combat damage to a player, that player exiles the top four cards of their library. If two or more of those cards have the same name, repeat this process.
Scrivener	{4}{U}	5	U	Creature — Human Wizard	Human, Wizard	2	2	EXO, ODY, TPR, VMA	1159	22875	When this creature enters, you may return target instant card from your graveyard to your hand.
Scrivener	{4}{U}	5	U	Creature — Human Wizard	Human, Wizard	2	2	EXO, ODY, TPR, VMA	1159	22875	When this creature enters, you may return target instant card from your graveyard to your hand.
Scrivener	{4}{U}	5	U	Creature — Human Wizard	Human, Wizard	2	2	EXO, ODY, TPR, VMA	1159	22875	When this creature enters, you may return target instant card from your graveyard to your hand.
Aboshan, Cephalid Emperor	{4}{U}{U}	6	U	Legendary Creature — Octopus Noble	Octopus, Noble	3	3	ODY, PLST	1135	19304	Tap an untapped Octopus you control: Tap target permanent. / {U}{U}{U}: Tap all creatures without flying.
Amugaba	{5}{U}{U}	7	U	Creature — Illusion	Illusion	6	6	ODY	1127	29683	Flying / {2}{U}, Discard a card: Return this creature to its owner's hand.
Shadowmage Infiltrator	{1}{U}{B}	3	U, B	Creature — Human Wizard	Human, Wizard	1	3	A25, C17, MM2, NCC, ODY, OTC, PRM, TSB	1270	5336	Fear (This creature can't be blocked except by artifact creatures and/or black creatures.) / Whenever this creature deals combat damage to a player, you may draw a card.
Mystic Penitent	{W}	1	W	Creature — Human Nomad Mystic	Human, Nomad, Mystic	1	1	ODY	1130	30097	Vigilance / Threshold — As long as there are seven or more cards in your graveyard, this creature gets +1/+1 and has flying.
Mystic Penitent	{W}	1	W	Creature — Human Nomad Mystic	Human, Nomad, Mystic	1	1	ODY	1130	30097	Vigilance / Threshold — As long as there are seven or more cards in your graveyard, this creature gets +1/+1 and has flying.
Suntail Hawk	{W}	1	W	Creature — Bird	Bird	1	1	10E, 8ED, 9ED, JUD, M14, PS11	1159	19354	Flying
Suntail Hawk	{W}	1	W	Creature — Bird	Bird	1	1	10E, 8ED, 9ED, JUD, M14, PS11	1159	19354	Flying
Suntail Hawk	{W}	1	W	Creature — Bird	Bird	1	1	10E, 8ED, 9ED, JUD, M14, PS11	1159	19354	Flying
Beloved Chaplain	{1}{W}	2	W	Creature — Human Cleric	Human, Cleric	1	1	ODY, PLST	1237	17901	Protection from creatures
Beloved Chaplain	{1}{W}	2	W	Creature — Human Cleric	Human, Cleric	1	1	ODY, PLST	1237	17901	Protection from creatures
Mystic Familiar	{1}{W}	2	W	Creature — Bird	Bird	1	2	TOR	1066	27162	Flying / Threshold — As long as there are seven or more cards in your graveyard, this creature gets +1/+1 and has protection from black.
Mystic Familiar	{1}{W}	2	W	Creature — Bird	Bird	1	2	TOR	1066	27162	Flying / Threshold — As long as there are seven or more cards in your graveyard, this creature gets +1/+1 and has protection from black.
Mystic Familiar	{1}{W}	2	W	Creature — Bird	Bird	1	2	TOR	1066	27162	Flying / Threshold — As long as there are seven or more cards in your graveyard, this creature gets +1/+1 and has protection from black.
Mystic Visionary	{1}{W}	2	W	Creature — Human Nomad Mystic	Human, Nomad, Mystic	2	1	ODY	1121	31085	Threshold — This creature has flying as long as there are seven or more cards in your graveyard.
Mystic Visionary	{1}{W}	2	W	Creature — Human Nomad Mystic	Human, Nomad, Mystic	2	1	ODY	1121	31085	Threshold — This creature has flying as long as there are seven or more cards in your graveyard.
Mystic Visionary	{1}{W}	2	W	Creature — Human Nomad Mystic	Human, Nomad, Mystic	2	1	ODY	1121	31085	Threshold — This creature has flying as long as there are seven or more cards in your graveyard.
Patrol Hound	{1}{W}	2	W	Creature — Dog	Dog	2	2	ODY	1170	25921	Discard a card: This creature gains first strike until end of turn.
Patrol Hound	{1}{W}	2	W	Creature — Dog	Dog	2	2	ODY	1170	25921	Discard a card: This creature gains first strike until end of turn.
Patrol Hound	{1}{W}	2	W	Creature — Dog	Dog	2	2	ODY	1170	25921	Discard a card: This creature gains first strike until end of turn.
Phantom Nomad	{1}{W}	2	W	Creature — Spirit Nomad	Spirit, Nomad	0	0	JUD, PSAL, VMA	1171	25529	This creature enters with two +1/+1 counters on it. / If damage would be dealt to this creature, prevent that damage. Remove a +1/+1 counter from this creature.
Phantom Nomad	{1}{W}	2	W	Creature — Spirit Nomad	Spirit, Nomad	0	0	JUD, PSAL, VMA	1171	25529	This creature enters with two +1/+1 counters on it. / If damage would be dealt to this creature, prevent that damage. Remove a +1/+1 counter from this creature.
Phantom Nomad	{1}{W}	2	W	Creature — Spirit Nomad	Spirit, Nomad	0	0	JUD, PSAL, VMA	1171	25529	This creature enters with two +1/+1 counters on it. / If damage would be dealt to this creature, prevent that damage. Remove a +1/+1 counter from this creature.
Soulcatcher	{1}{W}	2	W	Creature — Bird Soldier	Bird, Soldier	1	1	CNS, EMA, ODY	1152	13562	Flying / Whenever a creature with flying dies, put a +1/+1 counter on this creature.
Soulcatcher	{1}{W}	2	W	Creature — Bird Soldier	Bird, Soldier	1	1	CNS, EMA, ODY	1152	13562	Flying / Whenever a creature with flying dies, put a +1/+1 counter on this creature.
Auramancer	{2}{W}	3	W	Creature — Human Wizard	Human, Wizard	2	2	A25, DCI, DDL, DMR, DSC, J22, M12, M14, ODY, ORI, PC2, PCA, PRM, TD0	1182	4153	When this creature enters, you may return target enchantment card from your graveyard to your hand.
Auramancer	{2}{W}	3	W	Creature — Human Wizard	Human, Wizard	2	2	A25, DCI, DDL, DMR, DSC, J22, M12, M14, ODY, ORI, PC2, PCA, PRM, TD0	1182	4153	When this creature enters, you may return target enchantment card from your graveyard to your hand.
Auramancer	{2}{W}	3	W	Creature — Human Wizard	Human, Wizard	2	2	A25, DCI, DDL, DMR, DSC, J22, M12, M14, ODY, ORI, PC2, PCA, PRM, TD0	1182	4153	When this creature enters, you may return target enchantment card from your graveyard to your hand.
Lieutenant Kirtar	{1}{W}{W}	3	W	Legendary Creature — Bird Soldier	Bird, Soldier	2	2	DMR, ODY	1192	14800	Flying / {1}{W}, Sacrifice Lieutenant Kirtar: Exile target attacking creature.
Master Apothecary	{W}{W}{W}	3	W	Creature — Human Cleric	Human, Cleric	2	2	ODY	1085	24471	Tap an untapped Cleric you control: Prevent the next 2 damage that would be dealt to any target this turn.
Militant Monk	{1}{W}{W}	3	W	Creature — Human Monk Cleric	Human, Monk, Cleric	2	1	TOR	1137	30320	Vigilance / {T}: Prevent the next 1 damage that would be dealt to any target this turn.
Militant Monk	{1}{W}{W}	3	W	Creature — Human Monk Cleric	Human, Monk, Cleric	2	1	TOR	1137	30320	Vigilance / {T}: Prevent the next 1 damage that would be dealt to any target this turn.
Militant Monk	{1}{W}{W}	3	W	Creature — Human Monk Cleric	Human, Monk, Cleric	2	1	TOR	1137	30320	Vigilance / {T}: Prevent the next 1 damage that would be dealt to any target this turn.
Nomad Decoy	{2}{W}	3	W	Creature — Human Nomad	Human, Nomad	1	2	DMR, ODY	1111	25584	{W}, {T}: Tap target creature. / Threshold — {W}{W}, {T}: Tap two target creatures. Activate only if there are seven or more cards in your graveyard.
Nomad Decoy	{2}{W}	3	W	Creature — Human Nomad	Human, Nomad	1	2	DMR, ODY	1111	25584	{W}, {T}: Tap target creature. / Threshold — {W}{W}, {T}: Tap two target creatures. Activate only if there are seven or more cards in your graveyard.
Pianna, Nomad Captain	{1}{W}{W}	3	W	Legendary Creature — Human Nomad	Human, Nomad	2	2	CMM, ODY, VMA	1203	20905	Whenever Pianna attacks, attacking creatures get +1/+1 until end of turn.
Vigilant Sentry	{1}{W}{W}	3	W	Creature — Human Nomad	Human, Nomad	2	2	DMR, JUD	1046	29286	Threshold — As long as there are seven or more cards in your graveyard, this creature gets +1/+1 and has "{T}: Target attacking or blocking creature gets +3/+3 until end of turn."
Vigilant Sentry	{1}{W}{W}	3	W	Creature — Human Nomad	Human, Nomad	2	2	DMR, JUD	1046	29286	Threshold — As long as there are seven or more cards in your graveyard, this creature gets +1/+1 and has "{T}: Target attacking or blocking creature gets +3/+3 until end of turn."
Vigilant Sentry	{1}{W}{W}	3	W	Creature — Human Nomad	Human, Nomad	2	2	DMR, JUD	1046	29286	Threshold — As long as there are seven or more cards in your graveyard, this creature gets +1/+1 and has "{T}: Target attacking or blocking creature gets +3/+3 until end of turn."
Battlewise Aven	{3}{W}	4	W	Creature — Bird Soldier	Bird, Soldier	2	2	JUD	1077	29884	Flying / Threshold — As long as there are seven or more cards in your graveyard, this creature gets +1/+1 and has first strike.
Battlewise Aven	{3}{W}	4	W	Creature — Bird Soldier	Bird, Soldier	2	2	JUD	1077	29884	Flying / Threshold — As long as there are seven or more cards in your graveyard, this creature gets +1/+1 and has first strike.
Battlewise Aven	{3}{W}	4	W	Creature — Bird Soldier	Bird, Soldier	2	2	JUD	1077	29884	Flying / Threshold — As long as there are seven or more cards in your graveyard, this creature gets +1/+1 and has first strike.
Blessed Orator	{3}{W}	4	W	Creature — Human Cleric	Human, Cleric	1	4	9ED, ODY	1170	24419	Other creatures you control get +0/+1.
Blessed Orator	{3}{W}	4	W	Creature — Human Cleric	Human, Cleric	1	4	9ED, ODY	1170	24419	Other creatures you control get +0/+1.
Commander Eesha	{2}{W}{W}	4	W	Legendary Creature — Bird Soldier	Bird, Soldier	2	4	JUD	1270	15205	Flying, protection from creatures
Mystic Zealot	{3}{W}	4	W	Creature — Human Nomad Mystic	Human, Nomad, Mystic	2	4	DMR, ODY, VMA	1083	30229	Threshold — As long as there are seven or more cards in your graveyard, this creature gets +1/+1 and has flying.
Mystic Zealot	{3}{W}	4	W	Creature — Human Nomad Mystic	Human, Nomad, Mystic	2	4	DMR, ODY, VMA	1083	30229	Threshold — As long as there are seven or more cards in your graveyard, this creature gets +1/+1 and has flying.
Mystic Zealot	{3}{W}	4	W	Creature — Human Nomad Mystic	Human, Nomad, Mystic	2	4	DMR, ODY, VMA	1083	30229	Threshold — As long as there are seven or more cards in your graveyard, this creature gets +1/+1 and has flying.
Possessed Nomad	{2}{W}{W}	4	W	Creature — Human Nomad Horror	Human, Nomad, Horror	3	3	TOR	1166	31135	Vigilance / Threshold — As long as there are seven or more cards in your graveyard, this creature gets +1/+1, is black, and has "{2}{B}, {T}: Destroy target white creature."
Valor	{3}{W}	4	W	Creature — Incarnation	Incarnation	2	2	JUD, TSB	1172	13826	First strike / As long as this card is in your graveyard and you control a Plains, creatures you control have first strike.
Valor	{3}{W}	4	W	Creature — Incarnation	Incarnation	2	2	JUD, TSB	1172	13826	First strike / As long as this card is in your graveyard and you control a Plains, creatures you control have first strike.
Phantom Flock	{3}{W}{W}	5	W	Creature — Bird Soldier Spirit	Bird, Soldier, Spirit	0	0	DMR, JUD, PLST, PSAL	1099	22244	Flying / This creature enters with three +1/+1 counters on it. / If damage would be dealt to this creature, prevent that damage. Remove a +1/+1 counter from this creature.
Phantom Flock	{3}{W}{W}	5	W	Creature — Bird Soldier Spirit	Bird, Soldier, Spirit	0	0	DMR, JUD, PLST, PSAL	1099	22244	Flying / This creature enters with three +1/+1 counters on it. / If damage would be dealt to this creature, prevent that damage. Remove a +1/+1 counter from this creature.
Wayward Angel	{4}{W}{W}	6	W	Creature — Angel Horror	Angel, Horror	4	4	ODY	1132	29271	Flying, vigilance / Threshold — As long as there are seven or more cards in your graveyard, this creature gets +3/+3, is black, has trample, and has "At the beginning of your upkeep, sacrifice a creature."
Ancestor's Chosen	{5}{W}{W}	7	W	Creature — Human Cleric	Human, Cleric	4	4	10E, JUD, UMA	1167	24581	First strike (This creature deals combat damage before creatures without first strike.) / When this creature enters, you gain 1 life for each card in your graveyard.
Ancestor's Chosen	{5}{W}{W}	7	W	Creature — Human Cleric	Human, Cleric	4	4	10E, JUD, UMA	1167	24581	First strike (This creature deals combat damage before creatures without first strike.) / When this creature enters, you gain 1 life for each card in your graveyard.
Silver Seraph	{5}{W}{W}{W}	8	W	Creature — Angel	Angel	6	6	JUD	1140	25626	Flying / Threshold — Other creatures you control get +2/+2 as long as there are seven or more cards in your graveyard.
Phantom Nishoba	{5}{G}{W}	7	W, G	Creature — Cat Beast Spirit	Cat, Beast, Spirit	0	0	C17, DMR, JUD, WC02, WC03	1263	13664	Trample / This creature enters with seven +1/+1 counters on it. / Whenever this creature deals damage, you gain that much life. / If damage would be dealt to this creature, prevent that damage. Remove a +1/+1 counter from this creature.
Iridescent Angel	{5}{W}{U}	7	W, U	Creature — Angel	Angel	4	4	ODY, V15	1174	24572	Flying, protection from each color
