Name,Cost,MV,Type,Color,Worksheet,Archetype,Role,Source,cube_elo,does_nothing_alone,colorshift,too_strong,errata_needed,oob_exception,errata_proposal,comment
Mystic Penitent,{W},1,Creature — Human Nomad Mystic,W,W,threshold;aggro,threshold-flier,odysseyblock,1130,,,,,,,1-drop; becomes 2/2 vig flier at threshold
Suntail Hawk,{W},1,Creature — Bird,W,W,WX-birds,flier,odysseyblock,1159,,,,,,,1-drop flier; cheapest Aerie/flier enabler
Beloved Chaplain,{1}{W},2,Creature — Human Cleric,W,W,auras;clerics;evasion,tax-evasion,odysseyblock,1237,,,,,,,Unblockable-by-creatures aura/equipment carrier
Mystic Familiar,{1}{W},2,Creature — Bird,W,W,WX-birds;threshold,flier,odysseyblock,1066,,,,,,,Flier; threshold to 2/3 pro-black
Mystic Visionary,{1}{W},2,Creature — Human Nomad Mystic,W,W,threshold,threshold-flier,odysseyblock,1121,,,,,,,2/1 that flies at threshold; stall-breaker
Patrol Hound,{1}{W},2,Creature — Dog,W,W,discard;graveyard,discard-outlet,odysseyblock,1170,,,,,,,Free discard outlet; feeds threshold/madness
Phantom Nomad,{1}{W},2,Creature — Spirit Nomad,W,W,W-shields;counters,shield-blocker,odysseyblock,1171,,,,,,,"2/2 damage-shield; soaks two hits, counter synergy"
Soulcatcher,{1}{W},2,Creature — Bird Soldier,W,W,WX-birds,payoff,odysseyblock,1152,,,,,,,Grows on any flier death; Aerie partner
Auramancer,{2}{W},3,Creature — Human Wizard,W,W,enchantress;recursion,recursion,odysseyblock,1182,,,,,,,Returns enchantment from GY; feeds Replenish/WU
Lieutenant Kirtar,{1}{W}{W},3,Legendary Creature — Bird Soldier,W,W,WX-birds;control,flier-removal,odysseyblock,1192,,,,,,,Flier; sac to exile an attacker
Master Apothecary,{W}{W}{W},3,Creature — Human Cleric,W,W,clerics;lifegain,prevention,odysseyblock,1085,,,,,,,Tap-Cleric prevention engine; anchors WB shell
Mesa Enchantress,{1}{W}{W},3,Enchantment,W,W,enchantress,draw-engine,any-era,1218,,,,,,,Enchantress draw engine; no in-block equivalent
Militant Monk,{1}{W}{W},3,Creature — Human Monk Cleric,W,W,clerics,prevention,odysseyblock,1137,,,,,,,Vigilant Cleric; repeatable 1-damage prevention
Nomad Decoy,{2}{W},3,Creature — Human Nomad,W,W,control;tappers,tapper,odysseyblock,1111,,,,,,,Budget tapper; threshold taps two; Opposition-feel
"Pianna, Nomad Captain",{1}{W}{W},3,Legendary Creature — Human Nomad,W,W,go-wide,go-wide-anthem,odysseyblock,1203,,,,,,,Attack anthem; +1/+1 to attackers each swing
Vigilant Sentry,{1}{W}{W},3,Creature — Human Nomad,W,W,threshold;combat,threshold-pump,odysseyblock,1046,,,,,,,Threshold combat-trick engine; breaks stalls
Battlewise Aven,{3}{W},4,Creature — Bird Soldier,W,W,WX-birds;threshold,threshold-flier,odysseyblock,1077,,,,,,,Flier; threshold to 3/3 first strike
Blessed Orator,{3}{W},4,Creature — Human Cleric,W,W,clerics;stall,anthem-wall,odysseyblock,1170,,,,,,,1/4 team +0/+1 toughness; anti-aggro glue
Commander Eesha,{2}{W}{W},4,Legendary Creature — Bird Soldier,W,W,WX-birds;stall,evasive-blocker,odysseyblock,1270,,,,,,,Untouchable 2/4 flier; durable stall clock
Mystic Zealot,{3}{W},4,Creature — Human Nomad Mystic,W,W,threshold;stall,threshold-flier,odysseyblock,1083,,,,,,,2/4 that flies at threshold; durable wall then clock
Valor,{3}{W},4,Creature — Incarnation,W,W,graveyard;go-wide,graveyard-anthem,odysseyblock,1172,,,,,,,GY grants team first strike with a Plains
Phantom Flock,{3}{W}{W},5,Creature — Bird Soldier Spirit,W,W,W-shields;WX-birds;counters,shield-flier,odysseyblock,1099,,,,,,,Flying 3/3 damage-shield; Bird for tribal
Wayward Angel,{4}{W}{W},6,Creature — Angel Horror,W,W,threshold,threshold-finisher,odysseyblock,1132,,,,,,,Flying vig 4/4; threshold 7/7 with sac upkeep
Ancestor's Chosen,{5}{W}{W},7,Creature — Human Cleric,W,W,clerics;lifegain,lifegain-payoff,odysseyblock,1167,,,,,,,FS body; ETB gain life per GY card
Enlightened Tutor,{W},1,Instant,W,W,enchantress;combo,tutor,any-era,1313,,,,,,,Finds lock piece; chosen over slower Idyllic Tutor
Oblation,{2}{W},3,Instant,W,W,control,removal,any-era,,,,,,,,"Symmetric removal; shuffles nonland, gives 2 cards"
Replenish,{3}{W},3,Sorcery,W,W,enchantress;reanimator,combo-payoff,any-era,1226,,,,,,,"Honest combo: mass-reanimate enchantments, one-shot"
Earnest Fellowship,{1}{W},2,Enchantment,W,W,control,build-around,any-era,1182,,,,,,,Quasi-Humility; symmetric combat/aura hoser
Seal of Cleansing,{1}{W},2,Enchantment,W,W,enchantress;hate,removal,any-era,1189,,,,,,,"Pre-placed Disenchant; Replenish fodder, recurs"
Soulcatchers' Aerie,{1}{W},2,Enchantment,W,W,WX-birds,tribal-payoff,any-era,1150,,,,,,,Birds anthem; grows when your Birds die
Suppression Field,{1}{W},2,Enchantment,W,W,stax;prison,ability-tax,any-era,1124,,,,,,,Taxes activated abilities; hoses Smokestack/sac engines
Aura of Silence,{1}{W}{W},3,Enchantment,W,W,hate;recursion,removal-tax,any-era,1193,,,,,,,Artifact/enchant tax + sac; Replenish loop
Cage of Hands,{2}{W},3,Enchantment — Aura,W,W,control;auras,tax-attack-lockdown,any-era,1254,,,,,,,Reusable creature lockdown; tax-attack tool (#15)
Ghostly Prison,{2}{W},3,Enchantment,W,W,prison,pillowfort,any-era,1294,,,,,,,Attack tax; chosen over blue Propaganda
Karmic Justice,{2}{W},3,Enchantment,W,W,control,lock-protection,any-era,1186,,,,,,,Punishes breaking your noncreature lock
Rule of Law,{2}{W},3,Enchantment,W,W,prison;anti-combo,spell-lock,any-era,1210,,,,,,,One spell per turn; chosen over blue Arcane Lab
Solitary Confinement,{2}{W},3,Enchantment,W,W,prison;control,fog-lock,any-era,1269,,,,,,,Near-hexproof fog-lock; needs card engine to feed
Story Circle,{1}{W}{W},3,Enchantment,W,W,prison;control,damage-lock,any-era,1188,,,,,,,Color damage-prevention lock; mana-sink decisions
Humility,{2}{W}{W},4,Enchantment,W,W,enchantress;control,lock-half,any-era,1215,,,,,,,All creatures 1/1 no abilities; Opalescence partner
Opalescence,{2}{W}{W},4,Enchantment,Multi,Multicolor,WU Azorius,Colorshift>U/W: animates enchantments; half of Opalescence+Humility lock,any-era,1313,,U/W,,,,,Locked colorshift; enchantment animation engine
Test of Endurance,{2}{W}{W},4,Enchantment,W,W,lifegain;alt-win,alt-win,any-era,1095,,,,,,,Honest alt-win: 50+ life on upkeep
Sphere of Safety,{4}{W},5,Enchantment,W,W,enchantress;prison,pillowfort-payoff,any-era,1196,,,,,,,Tax scales with enchantment density; soft combat-lock
Starfield of Nyx,{4}{W},5,Enchantment,W,W,enchantress,recursion-engine,any-era,1258,,,,,,,Replenish-on-a-stick + animation at five enchantments
Serra's Sanctum,,0,Legendary Land,W,Land,WU Azorius,mana-engine,any-era,1390,,,,,,,Add W for each enchantment you control; enchantress mana fuel
Azure Mage,{1}{U},2,Creature — Human Wizard,U,U,UR Izzet,draw mana-sink,any-era,1190,,,,,,,{3}{U}: draw a card; repeatable true sink (non-tap)
Cephalid Scout,{1}{U},2,Creature — Octopus Wizard Scout,U,U,UB control / High Tide,evasive sac-draw,odysseyblock,1118,,,,,,,Flyer that sacs lands for cards.
Cephalid Vandal,{1}{U},2,Creature — Octopus Rogue,U,U,UB deck-out / threshold,self-mill engine,odysseyblock,1124,,,,,,,Shred counters snowball self-mill toward Lab Maniac.
Narcomoeba,{1}{U},2,Creature — Illusion,U,U,self-mill;dimir-control;graveyard,self-mill-payoff,exception,,,,,,Y,,Self-mill payoff: enters from library mill (#9 sanctioned exception)
Thought Eater,{1}{U},2,Creature — Beast,U,U,UR/UB hand-punisher,cheap evasive flyer,odysseyblock,1187,,,,,,,2/2 flyer; reduced hand size aids Bridge/Vise.
Ambassador Laquatus,{1}{U}{U},3,Legendary Creature — Merfolk Wizard,U,U,UB mill-out,repeatable mill,odysseyblock,1244,,,,,,,Mana-sink mill; decks opponent or self.
Cephalid Looter,{2}{U},3,Creature — Octopus Rogue,U,U,UB deck-out / threshold,loot / fill yard,odysseyblock,1280,,,,,,,"Repeatable loot digs combo, fuels threshold."
Laboratory Maniac,{2}{U},3,Creature — Human Wizard,U,U,UB Ad Nauseam / deck-out,deck-out win condition,exception,1304,,,,,Y,,EXCEPTION: draw-from-empty win; never Thassa's Oracle.
Puppeteer,{2}{U},3,Creature — Human Wizard,U,U,UG tempo / High Tide,tap/untap utility,odysseyblock,1177,,,,,,,Wizard taps or untaps; ritual/blocker tricks.
Skywing Aven,{2}{U},3,Creature — Bird Soldier,U,U,UR/UB madness-tempo,evasive tempo flyer,odysseyblock,1105,,,,,,,Discard-to-bounce flyer enables madness/recast.
Wormfang Drake,{2}{U},3,Creature — Nightmare Drake,U,U,UB control tricks,flicker/blink body,odysseyblock,1178,,,,,,,3/4 flyer exiles a creature; ETB re-use jank.
Aven Fisher,{3}{U},4,Creature — Bird Soldier,U,U,UB control,evasive value body,odysseyblock,1158,,,,,,,Flyer replaces itself on death.
Cephalid Broker,{3}{U},4,Creature — Octopus,U,U,UB deck-out / threshold,loot two / fill yard,odysseyblock,1201,,,,,,,"Double-loot body, big graveyard filler."
Cephalid Sage,{3}{U},4,Creature — Octopus,U,U,UB deck-out / threshold,threshold card draw,odysseyblock,1168,,,,,,,Threshold ETB draws three; rewards self-mill.
Aven Windreader,{3}{U}{U},5,Creature — Bird Soldier Wizard,U,U,UB control / mill,evasive fatesealer,odysseyblock,1120,,,,,,,Flyer with top-card reveal info engine.
Balshan Griffin,{3}{U}{U},5,Creature — Griffin,U,U,UR/UB madness-tempo,evasive discard-outlet,odysseyblock,1164,,,,,,,Self-bounce flyer; repeatable discard outlet.
Scalpelexis,{4}{U},5,Creature — Beast,U,U,UB mill-out,evasive mill,odysseyblock,1196,,,,,,,Flying mill-on-damage; cascading exile clock.
Scrivener,{4}{U},5,Creature — Human Wizard,U,U,UR spells / High Tide,instant recursion,odysseyblock,1159,,,,,,,ETB returns an instant; rebuy High Tide/Snap.
"Aboshan, Cephalid Emperor",{4}{U}{U},6,Legendary Creature — Octopus Noble,U,U,GW/UG Opposition-lite tempo,tap-down lord,odysseyblock,1135,,,,,,,"Octopus payoff; taps permanents, mass tap-down."
Amugaba,{5}{U}{U},7,Creature — Illusion,U,U,UB control finisher,resilient top-end flyer,odysseyblock,1127,,,,,,,6/6 flyer self-bounces to dodge removal.
Palinchron,{5}{U}{U},7,Creature — Illusion,U,U,UB Dimir,untap-combo body,any-era,1374,,,,,,,Untaps seven lands on ETB; mana/bounce combo piece
"Narset, Parter of Veils",{1}{U}{U},3,Legendary Planeswalker — Narset,U,U,UB Dimir,dig + draw-deny,any-era,1494,,,,,,,-2 dig noncreature/nonland; static limits opp to one draw/turn
"Jace, Wielder of Mysteries",{1}{U}{U}{U},4,Legendary Planeswalker — Jace,U,U,UB deck-out,backup deck-out win,any-era,1335,,,,,,,Static deck-out win; mills self toward empty library.
High Tide,{U},1,Instant,U,U,High Tide prison,ritual / archetype namesake,any-era,1366,,,,,,,Doubles Island mana; engine of the prison deck.
Whispers of the Muse,{U},1,Instant,U,U,UR Izzet,repeatable draw,any-era,1218,,,,,,,Buyback {5}: draw a card; late mana sink
Brain Freeze,{1}{U},2,Instant,U,U,UR mill-storm / mill-out,mill-storm finisher,any-era,1502,,,,,,,Storm mill; decks opponent off a spell chain.
Reset,{U}{U},2,Instant,U,U,High Tide prison,untap-all ritual,any-era,1186,,,,,,,Untap all lands on opp turn; High Tide burst.
Snap,{1}{U},2,Instant,U,U,High Tide prison / UR tempo,free bounce tempo,any-era,1379,,,,,,,"Free bounce, untaps two lands; storm padder."
Capsize,{1}{U}{U},3,Instant,U,U,High Tide / UR grind,buyback bounce soft-lock,any-era,1360,,,,,,,Buyback bounce; grindy land-lock and storm fuel.
Frantic Search,{2}{U},3,Instant,U,U,High Tide prison,free loot / storm padder,any-era,1445,,,,,,,Net-zero loot under High Tide; storm count.
Mana Short,{2}{U},3,Instant,U,U,High Tide / UR spells,tempo lock finisher,any-era,1191,,,,,,,Taps opp lands + burns mana; clears combo turn.
Steady Progress,{2}{U},3,Instant,U,U,UG proliferate / fading,proliferate cantrip,any-era,1206,,,,,,,Proliferate + draw; counter accelerant.
Stroke of Genius,{X}{2}{U},3,Instant,U,U,High Tide payoff / mill,big-X draw payoff,any-era,1318,,,,,,,The X-draw payoff; draw huge or deck opponent.
Rewind,{2}{U}{U},4,Instant,U,U,High Tide / UB control,free counterspell,any-era,1271,,,,,,,Counter that untaps four lands; mana-neutral.
Turnabout,{2}{U}{U},4,Instant,U,U,High Tide prison,mana burst / tap-down,any-era,1355,,,,,,,"Untap all lands for huge mana, or tap-lock."
Aquitect's Will,{U},1,Kindred Sorcery — Merfolk,U,U,Islands prison,flood-counter Islands-maker,any-era,1092,,,,,,,Cheap repeatable Island vector; cantrips w/ Merfolk.
Careful Study,{U},1,Sorcery,U,U,UB deck-out / madness,one-mana loot,any-era,1309,,,,,,,"Digs to combo, fills yard for threshold/flashback."
Mystic Speculation,{U},1,Sorcery,U,U,High Tide / UR spells,buyback scry / storm padder,any-era,1264,,,,,,,Buyback scry-3; repeatable selection + storm count.
Mana Severance,{1}{U},2,Sorcery,U,U,UB deck-out,deck-out enabler,any-era,1154,,,,,,,Exiles all lands so a big draw decks YOU to win.
Merchant Scroll,{1}{U},2,Sorcery,U,U,High Tide / UR spells,instant tutor,any-era,1306,,,,,,,Fetches High Tide / Brain Freeze; consistency glue.
Day's Undoing,{2}{U},3,Sorcery,U,U,UB control / hand-punisher,honest one-shot wheel,any-era,1385,,,,,,,Timetwister that ends turn; cast-and-spent refuel.
Tezzeret's Gambit,{3}{U/P},4,Sorcery,U,U,UG proliferate / fading,draw-two + proliferate,any-era,1298,,,,,,,Phyrexian draw-two proliferate; counter engine.
Folio of Fancies,{1}{U},2,Artifact — Book,U,U,UB Dimir,draw/mill sink,any-era,1214,,,,,,,{X}{X}{U}: each player draws X; pay-to-mill sink
Mystic Remora,{U},1,Enchantment,U,U,UB control / age-counter,upkeep-counter draw tax,any-era,1525,,,,,,,Cumulative-upkeep card-draw tax; age-counter theme.
Sea's Claim,{U},1,Enchantment — Aura,U,U,Islands prison,Islands-maker / denial,any-era,1140,,,,,,,One-mana Island-maker; own-ramp or denial.
Convincing Mirage,{1}{U},2,Enchantment — Aura,U,U,Islands prison,flexible type-changer,any-era,1112,,,,,,,Choose-a-type denial or Island for High Tide.
Spreading Seas,{1}{U},2,Enchantment — Aura,U,U,Islands prison,Islands-maker cantrip,any-era,1217,,,,,,,Best Islands enabler; replaces itself.
Standstill,{1}{U},2,Enchantment,U,U,UB control,draw engine / soft lock,any-era,1341,,,,,,,ODY-block soft lock; refuels when broken.
Back to Basics,{2}{U},3,Enchantment,U,U,High Tide prison,prison piece,any-era,1234,,,,,,,Nonbasics don't untap; asymmetric vs greedy mana.
Propaganda,{2}{U},3,Enchantment,U,U,High Tide / UB control,pillowfort tax,any-era,1340,,,,,,,Attack tax buys time to assemble lock/combo.
Sphinx's Tutelage,{2}{U},3,Enchantment,U,U,UB mill-out,mill-on-draw payoff,any-era,1317,,,,,,,Your draws mill opp; honest big-draw win.
Opposition,{2}{U}{U},4,Enchantment,Multi,Multicolor,GW Selesnya,Colorshift>G/W: tap-down lock fed by a wide creature board,any-era,1369,,G/W,,,,,Locked colorshift; tap creatures to lock permanents
Cabal Trainee,{B},1,Creature — Human Minion,B,B,BG sac,1-drop sac fodder + free self-sac -2/-0 trick,odysseyblock,1201,,,,,,,Fodder and outlet in one body
Carrion Rats,{B},1,Creature — Rat,B,B,BR storm,cheap 2/1 GY-hate attacker,odysseyblock,1115,,,,,,,"Cheap body, soft graveyard disruption"
Death's Shadow,{B},1,Creature — Avatar,B,B,aggro;combo,life-loss payoff beater (spec #11),exception,1204,,,,,Y,,Out-exc: spec #11 names it; huge when life low (Bridge/rituals)
Boneshard Slasher,{1}{B},2,Creature — Horror,B,B,BR storm,threshold evasive beater (flyer),odysseyblock,1170,,,,,,,3/3 flyer once graveyard online
Crypt Creeper,{1}{B},2,Creature — Zombie,B,B,BG sac,sac-fodder Zombie with GY-exile,odysseyblock,1131,,,,,,,"Fodder body, graveyard-hate on demand"
Mesmeric Fiend,{1}{B},2,Creature — Nightmare Horror,B,B,BR storm,ETB hand-exile disruption body,odysseyblock,1326,,,,,,,Strips a card; flicker/sac synergy
Nantuko Shade,{B}{B},2,Creature — Insect Shade,B,B,WB life,mana-sink threat,odysseyblock,1189,,,,,,,"Flood sink, classic black clock"
Organ Grinder,{2}{B},3,Creature — Zombie,B,B,BR storm,GY-storm drain finisher,odysseyblock,1190,,,,,,,"Exile three, drain three; mill payoff"
Treacherous Werewolf,{2}{B},3,Creature — Werewolf Minion,B,B,BR storm,threshold 4/4 with death drawback,odysseyblock,1143,,,,,,,Cheap beater once graveyard fills
"Braids, Cabal Minion",{2}{B}{B},4,Legendary Creature — Human Minion,B,B,BG sac,symmetric stax sac body,odysseyblock,1257,,,,,,,Edicts everyone; feeds Smokestack lock
Cabal Surgeon,{2}{B}{B},4,Creature — Human Minion,B,B,BG sac,GY-fueled creature recursion to hand,odysseyblock,1083,,,,,,,"Rebuys sac fodder, threshold tension"
Childhood Horror,{3}{B},4,Creature — Horror,B,B,BR storm,threshold evasive beater,odysseyblock,1110,,,,,,,4/4 flyer when graveyard online
Faceless Butcher,{2}{B}{B},4,Creature — Nightmare Horror,B,B,BG sac,ETB creature-exile removal body,odysseyblock,1267,,,,,,,"Removal on a stick, sac-loop trick"
Gloomdrifter,{3}{B},4,Creature — Zombie Minion,B,B,BG sac,threshold -2/-2 sweep flyer,odysseyblock,1164,,,,,,,Board sweep when graveyard online
Gravedigger,{3}{B},4,Creature — Zombie,B,B,BG sac,creature recursion ETB,odysseyblock,1279,,,,,,,Rebuys best creature; grindy value
Mortivore,{2}{B}{B},4,Creature — Lhurgoyf,B,B,BR storm,graveyard-scaling regenerator,odysseyblock,1292,,,,,,,Grows with all graveyards; regenerates
Painbringer,{2}{B}{B},4,Creature — Human Minion,B,B,BG sac,GY-fueled -X/-X removal body,odysseyblock,1167,,,,,,,Sacrifice graveyard for scalable removal
Carrion Wurm,{3}{B}{B},5,Creature — Zombie Wurm,B,B,BR storm,big GY-hate attacker,odysseyblock,1161,,,,,,,6/5 that punishes graveyard reliance
Masked Gorgon,{4}{B},5,Creature — Gorgon,B,B,BG sac,threshold protection beater,odysseyblock,1167,,,,,,,5/5 hoses green/white once threshold
Repentant Vampire,{3}{B}{B},5,Creature — Vampire,B,B,BR storm,threshold flyer + black-removal,odysseyblock,1196,,,,,,,"Grows, flips white removal at threshold"
Treacherous Vampire,{4}{B},5,Creature — Vampire,B,B,BR storm,threshold flyer with death drawback,odysseyblock,1133,,,,,,,6/6 flyer; bleeds you on death
Cabal Patriarch,{3}{B}{B}{B},6,Legendary Creature — Human Wizard,B,B,BG sac,sac-fueled repeatable -2/-2 removal,odysseyblock,1158,,,,,,,Eats fodder or graveyard for removal
Laquatus's Champion,{4}{B}{B},6,Creature — Nightmare Horror,B,B,WB life,honest 6-life drain stapled to body,odysseyblock,1217,,,,,,,Reach finisher; gives life back if removed
Sutured Ghoul,{4}{B}{B}{B},7,Creature — Zombie,B,B,BG sac,graveyard-eating top-end trampler,odysseyblock,1181,,,,,,,Exiles creatures from yard for stats
Culling the Weak,{B},1,Instant,B,B,BG sac,sac ritual,any-era,1353,,,,,,,Sacrifice a creature for four black
Dark Ritual,{B},1,Instant,B,B,BR storm,ritual fuel + storm count,any-era,1459,,,,,,,"+2 mana, +1 storm, combo turn"
Demonic Consultation,{B},1,Instant,B,B,UB Ad Nauseam,dig tutor + self-mill,any-era,1536,,,,,,,Cheap dig; self-exiles toward deck-out
One with Nothing,{B},1,Instant,B,B,BR storm,empty-hand enabler / storm loop,any-era,1055,Y,,,Y,,Add: each opponent loses 1 life for each card you discarded this way.,Blank as printed; errata adds drain
Songs of the Damned,{B},1,Instant,B,B,BR storm,graveyard ritual,any-era,1203,,,,,,,Explosive mana off a full yard
Spoils of the Vault,{B},1,Instant,B,B,UB Ad Nauseam,life-cost dig,any-era,1192,,,,,,,"Finds a piece, paying life"
Cabal Ritual,{1}{B},2,Instant,B,B,BR storm,threshold ritual fuel,any-era,1322,,,,,,,Big mana late; storm enabler
Shadow of the Grave,{1}{B},2,Instant,B,B,BR storm,storm refill engine,any-era,1232,,,,,,,Returns discarded/cycled hand; pairs One With Nothing
Tainted Pact,{1}{B},2,Instant,B,B,UB Ad Nauseam,library-thinning tutor,any-era,1386,,,,,,,"Digs deep, thins for combo"
Ad Nauseam,{3}{B}{B},5,Instant,B,B,adnauseam-modern-draw-out;adnauseam-storm;combo;storm,Centerpiece — draw a chunk (or whole library) at life cost,any-era,1349,,,,,,,"Package centerpiece; honest spell, cast-and-spent (#4/#16)"
Bond of Agony,{X}{B},1,Sorcery,B,B,WB life,life-as-resource burn,any-era,1189,,,,,,,"Pay X life, each opponent loses X"
Raven's Crime,{B},1,Sorcery,B,B,BR storm,recurring discard (retrace),any-era,1193,,,,,,,Repeatable discard fed by lands
Chain of Smog,{1}{B},2,Sorcery,B,B,BR storm,copyable discard 2,any-era,1405,,,,,,,Discard two; copies itself politically
Collective Brutality,{1}{B},2,Sorcery,B,B,BR storm,modal escalate discard,any-era,1368,,,,,,,Flexible discard/removal/drain; fuels graveyard
Infernal Tutor,{1}{B},2,Sorcery,B,B,BR storm,hellbent tutor,any-era,1237,,,,,,,Finds the kill when hand empty
Sickening Dreams,{1}{B},2,Sorcery,B,B,BR storm,discard-X sweeper + drain,any-era,1249,,,,,,,Pitch hand for symmetric burn sweep
Doomsday,{B}{B}{B},3,Sorcery,B,B,UB Ad Nauseam,combo build-around (alt-win deck-stack),any-era,1278,,,,,,,Honest one-shot; stacks a winning pile
Ill-Gotten Gains,{2}{B}{B},4,Sorcery,B,B,BR storm,wheel + graveyard recursion,any-era,1181,,,,,,,"Refills hand from yard, storm enabler"
Tendrils of Agony,{2}{B}{B},4,Sorcery,B,B,BR storm,storm kill,any-era,1263,,,,,,,Drain two per prior spell; finisher
Font of Agonies,{B},1,Enchantment,B,B,WB life,pay-life removal payoff,any-era,1187,,,,,,,Life payments fuel repeatable creature removal
Quest for the Nihil Stone,{B},1,Enchantment,B,B,BR storm,empty-opp-hand payoff,any-era,1195,,,,,,,Discard-fed; five-life hit when empty
Shrieking Affliction,{B},1,Enchantment,B,B,BR storm,empty-opp-hand payoff,any-era,1164,,,,,,,Drains opponents stuck at one card
Seal of Doom,{2}{B},3,Enchantment,B,B,BG Golgari,removal,any-era,1296,,,,,,,Sealed destroy target nonblack creature
Greed,{3}{B},4,Enchantment,B,B,WB life,pay-life draw engine,any-era,1205,,,,,,,Low-power life-as-resource card draw
Nihilistic Glee,{2}{B}{B},4,Enchantment,B,B,BR storm,hellbent draw + drain,any-era,1093,,,,,,,"Empty-hand engine: bleed them, draw cards"
Grim Lavamancer,{R},1,Creature — Human Wizard,R,R,UR-spells / RG mana-sink,"Repeatable graveyard-fueled ping; mana sink, stall-breaker",odysseyblock,1334,,,,,,,"1-drop reach pinger; exiles graveyard, light"
Spark Mage,{R},1,Creature — Dwarf Wizard,R,R,RG beats / dwarves,Aggressive 1-drop that pings on connect,odysseyblock,1154,,,,,,,"Cheap dwarf, chips creatures via combat damage"
Spikeshot Elder,{R},1,Creature — Goblin Shaman,R,R,RG Gruul,pinger mana-sink,any-era,1260,,,,,,,{3}{R}: deal damage equal to power; repeatable true sink
Minotaur Explorer,{1}{R},2,Creature — Minotaur Scout,R,R,BR storm / graveyard,Discard-outlet body; feeds madness/threshold,odysseyblock,1164,,,,,,,3/3 for 2 if you bin a card; outlet
Balthor the Stout,{1}{R}{R},3,Legendary Creature — Dwarf Barbarian,R,R,dwarves / barbarians,Barbarian/Dwarf lord; tribal payoff,odysseyblock,1144,,,,,,,Barbarian anthem + firebreathing pump on tribe
Barbarian Lunatic,{2}{R},3,Creature — Human Barbarian,R,R,RG / sac,Sacrifice outlet + removal,odysseyblock,1094,,,,,,,Sac for 2 damage; outlet plus removal
Dwarven Bloodboiler,{R}{R}{R},3,Creature — Dwarf,R,R,dwarves / RG,Dwarf anthem-tapper; pump to break stalls,odysseyblock,1145,,,,,,,Taps dwarves for +2/+0; pushes damage through
Dwarven Recruiter,{2}{R},3,Creature — Dwarf,R,R,dwarves,Dwarf tutor-stacking ETB,odysseyblock,1114,,,,,,,Stacks all dwarves on top; tribal glue
Pitchstone Wall,{2}{R},3,Creature — Wall,R,R,BR graveyard / control,Defensive discard-outlet; recurs binned card,odysseyblock,1118,,,,,,,2/5 wall; sac to rebuy a discarded card
Anger,{3}{R},4,Creature — Incarnation,R,R,BR graveyard,Graveyard haste-granter; discard target,odysseyblock,1274,,,,,,,Bin it (Mountain out) for team haste
Bomb Squad,{3}{R},4,Creature — Dwarf,R,R,counters / RG,Fuse-counter removal; slow saboteur clock,odysseyblock,1127,,,,,,,Fuse counters blow up creatures; proliferate target
Chainflinger,{3}{R},4,Creature — Beast,R,R,UR-spells / RG sink,Repeatable ping; scales at threshold,odysseyblock,1160,,,,,,,"Tap for 1, 2 at threshold; mana sink"
Dwarven Driller,{3}{R},4,Creature — Dwarf,R,R,dwarves / prison,Repeatable land-hate / tax body,odysseyblock,1152,,,,,,,Taps to blow a land or deal 2; grindy
Fledgling Dragon,{2}{R}{R},4,Creature — Dragon,R,R,BR graveyard / RG,Threshold flyer; reach + stall-breaker,odysseyblock,1222,,,,,,,2/2 flyer; 5/5 firebreather at threshold
"Jeska, Warrior Adept",{2}{R}{R},4,Legendary Creature — Human Barbarian Warrior,R,R,RG / removal,Pinger + first-strike haste beater,odysseyblock,1242,,,,,,,Taps for 1 anywhere; first strike haste
Mine Layer,{3}{R},4,Creature — Dwarf,R,R,prison / counters,Mine-counter land lock; dwarf prison piece,exception,1154,,,,,Y,,Exception: ODY-block but absent from curated pool; mine-counter lock
Anarchist,{4}{R},5,Creature — Human Wizard,R,R,BR Rakdos,spell recur,any-era,1100,,,,,,,ETB return target sorcery from graveyard to hand
Dwarven Strike Force,{4}{R},5,Creature — Dwarf Berserker,R,R,BR storm / graveyard,Discard-outlet beater; first strike on demand,odysseyblock,1154,,,,,,,4/3; bin cards for first strike + haste
Frenetic Ogre,{4}{R},5,Creature — Ogre,R,R,BR graveyard / madness,Discard-outlet finisher; pumps off the bin,odysseyblock,1104,,,,,,,Repeatable random-discard outlet; fuels madness/threshold
Savage Firecat,{3}{R}{R},5,Creature — Elemental Cat,R,R,RG mana-sink / counters,Land-tax counter sink; big trampler that decays,odysseyblock,1190,,,,,,,7/7 trample; sheds a counter per land tapped
"Kamahl, Pit Fighter",{4}{R}{R},6,Legendary Creature — Human Barbarian,R,R,RG mana-sink,Top-end haste beater + repeatable burn sink,odysseyblock,1201,,,,,,,6/1 haste; taps for 3 to anything
Comet Storm,{X}{R}{R},2,Instant,R,R,big-red mana sink;burn,Multikicker big-red X mana sink (honest spent payoff),any-era,1217,,,,,,,Cast-and-spent X-sink for Braid of Fire's surplus; scales but fragile
Pyretic Ritual,{1}{R},2,Instant,R,R,storm,ritual (storm mana),any-era,1300,,,,,,,+1 R; redundant storm accel
Fiery Temper,{1}{R}{R},3,Instant,R,R,madness,madness burn (in-block),any-era,1363,,,,,,,TOR madness Shock+; premier red madness card
Lightning Storm,{1}{R}{R},3,Instant,R,R,adnauseam-modern-draw-out;combo,"Line B kill (R) — discard drawn lands to scale X, burn opponent out",any-era,1200,,,,,,,R splash kill after drawing library; charge-counter sink fits counter theme
Seething Song,{2}{R},3,Instant,R,R,storm,ritual (storm mana),any-era,1285,,,,,,,+2 R burst for storm turns
Violent Eruption,{1}{R}{R}{R},4,Instant,R,R,madness,madness burn (in-block),any-era,1267,,,,,,,TOR madness; 4 dmg split when discarded cheaply
Faithless Looting,{R},1,Sorcery,R,R,gy-storm,discard outlet + flashback,any-era,1395,,,,,,,"Cheap loot, flashback = 2 discards; storm/GY enabler"
Mana Clash,{R},1,Sorcery,R,R,burn;coin-flip,Coin-flip burn (repeat-flip damage); cheap flip generator,any-era,1135,,,,,,,Many flips per cast = lots of Chance Encounter luck counters; swingy but low power
Cathartic Reunion,{1}{R},2,Sorcery,R,R,gy-storm,discard outlet (bulk),any-era,1329,,,,,,,Discard 2 draw 3; big GY/threshold filler
Grapeshot,{1}{R},2,Sorcery,R,R,adnauseam-storm;storm,Alt storm kill (R) — 1 damage per prior spell to any target,any-era,1356,,,,,,,R-splash storm finisher; redundant with Tendrils — pick one in singleton final cut
Fiery Gambit,{2}{R},3,Sorcery,R,R,burn;card advantage;coin-flip,Coin-flip escalating payoff (flip until lose; tiered rewards),any-era,1062,,,,,,,Pure flip lottery; huge upside with Krark's Thumb; decision-rich push-your-luck
Game of Chaos,{R}{R}{R},3,Sorcery,R,R,coin-flip;life-swing,Coin-flip doubling life swing (push-your-luck),any-era,1152,,,,,,,Escalating flip duel; many flips for Chance Encounter; classic chaos
Molten Birth,{1}{R}{R},3,Sorcery,R,R,coin-flip;tokens,Coin-flip token maker (win flip = recast); cheap flip + bodies,any-era,1197,,,,,,,Always makes 2 bodies; flip-to-rebuy = repeatable flips with no card loss
Wheel of Fortune,{2}{R},3,Sorcery,R,R,storm;wheel,wheel (premium),any-era,1314,,,,,,,"Each draws 7; ELO 1315 ok—fragile sorcery, no engine"
Change of Fortune,{3}{R},4,Sorcery,R,R,gy-storm;wheel,discard-then-draw payoff,any-era,1227,,,,,,,Empties hand then draws per discard; hellbent refuel
Empty the Warrens,{3}{R},4,Sorcery,R,R,adnauseam-storm;storm,"Storm payoff making Goblins — board-presence storm, slower/fairer kill",any-era,1230,,,,,,,Low-power storm: tokens not instant-kill; fits incremental small-games ethos
Reforge the Soul,{3}{R}{R},5,Sorcery,R,R,wheel,wheel + miracle,any-era,1299,,,,,,,Wheel; miracle off topdeck. Symmetric refuel
Seal of Fire,{R},1,Enchantment,R,R,RG Gruul,burn,any-era,1294,,,,,,,Sealed 2 damage to any target
Braid of Fire,{1}{R},2,Enchantment,R,R,RG Gruul,mana keystone,any-era,1283,,,,,,,Cumulative upkeep: add R each upkeep; big-red mana engine (primer keystone)
Goblin Festival,{1}{R},2,Enchantment,R,R,burn;coin-flip,Coin-flip repeatable ping (flip support for the luck package),any-era,1120,,,,,,,Repeatable {2} flip-source feeds Chance Encounter; risk of losing it = decisions
Chance Encounter,{2}{R}{R},4,Enchantment,R,R,coin-flip;counter alt-win,Red counter alt-win (luck counters → 10 = win); coin-flip anchor,any-era,1129,Y,,,Y,,,In-block (ODY) red wincon; needs coin-flips + proliferate; errata per #12
Heart of Bogardan,{2}{R}{R},4,Enchantment,R,R,big-red mana sink;cumulative-upkeep/age,Cumulative-upkeep age-counter time bomb (pay or it blows up),any-era,1214,,,,,,,Pay R-mana each upkeep or it nukes; ties Braid of Fire mana to a clock
Impulsive Maneuvers,{2}{R}{R},4,Enchantment,R,R,coin-flip;combat,In-block coin-flip combat doubler (flip per attacker),any-era,1117,,,,,,,In-block (ODY) flip enchantment; many flips per combat for Chance Encounter
Magmatic Core,{2}{R}{R},4,Enchantment,R,R,big-red mana sink;cumulative-upkeep/age,Cumulative-upkeep age-counter repeatable damage (Pyroclasm engine),any-era,1252,,,,,,,Growing board-wipe; age counters = damage; Braid of Fire pays the upkeep
Basking Rootwalla,{G},1,Creature — Lizard,G,G,madness; GW tokens,Madness 1-drop beater; pump,odysseyblock,1265,,,,,,,"Free madness body, self-pumping early beater"
Diligent Farmhand,{G},1,Creature — Human Druid,G,G,RG ramp; BG sac,Sac-ramp dork; BG fodder,odysseyblock,1285,,,,,,,Sac for land; sac fodder too
Nantuko Tracer,{1}{G},2,Creature — Insect Druid,G,G,UG graveyard tech,GY-order ETB; anti-threshold,odysseyblock,1122,,,,,,,Bottoms a graveyard card on ETB
Seton's Scout,{1}{G},2,Creature — Centaur Druid Scout Archer,G,G,threshold; stall-breaker,Threshold reach blocker/beater,odysseyblock,1149,,,,,,,"Reach 2/1, 4/3 at threshold"
Werebear,{1}{G},2,Creature — Human Bear Druid,G,G,RG ramp; threshold,Mana dork + threshold beater,odysseyblock,1376,,,,,,,"Ramps early, 4/4 at threshold"
Wild Mongrel,{1}{G},2,Creature — Dog,G,G,madness; GY engine,Discard outlet + madness enabler,odysseyblock,1331,,,,,,,Key discard outlet; pumps and recolors
Anurid Swarmsnapper,{2}{G},3,Creature — Frog Beast,G,G,defense; stall-breaker,Reach multi-blocker; stall wall,odysseyblock,1102,,,,,,,"Reach, blocks extra creatures each turn"
Cartographer,{2}{G},3,Creature — Human,G,G,RG ramp; value,Land recursion body,odysseyblock,1214,,,,,,,Returns a land from graveyard
Chlorophant,{G}{G}{G},3,Creature — Elemental,G,G,UG counters/proliferate,Counter grower; proliferate target,odysseyblock,1187,,,,,,,"Grows each upkeep, faster at threshold"
Krosan Avenger,{2}{G},3,Creature — Human Druid,G,G,threshold; stall-breaker,Threshold trampler; regenerator,odysseyblock,1087,,,,,,,"3/1 trample, regenerates at threshold"
Squirrel Mob,{1}{G}{G},3,Creature — Squirrel,G,G,GW tokens,Squirrel anthem body,odysseyblock,1212,,,,,,,Scales with the squirrel token flood
Centaur Chieftain,{3}{G},4,Creature — Centaur,G,G,GW tokens; go-wide,Threshold mini-overrun ETB,odysseyblock,1193,,,,,,,Haste; threshold ETB team pump+trample
Nantuko Calmer,{2}{G}{G},4,Creature — Insect Druid,G,G,interaction; threshold,Enchantment removal on a body,odysseyblock,1117,,,,,,,Sac to kill an enchantment; threshold grow
Quarry Hauler,{3}{G},4,Creature — Camel,G,G,UG counters/proliferate,ETB counter doubler/mover,exception,,,,,,Y,,Exception: doubles counters; feeds counter theme
Squirrel Wrangler,{2}{G}{G},4,Creature — Human Druid,G,G,GW tokens; Opposition,Land→squirrels flood + anthem,exception,,,,,,Y,,Exception: Opposition token flood from lands
Zoologist,{3}{G},4,Creature — Human Druid,G,G,midrange value,Creature-cheat engine body,odysseyblock,1190,,,,,,,Slow top-of-library creature cheat
Arrogant Wurm,{3}{G}{G},5,Creature — Wurm,G,G,madness,Madness fatty payoff,odysseyblock,1252,,,,,,,Discard off Mongrel for cheap 4/4 trample
Gorilla Titan,{3}{G}{G},5,Creature — Ape,G,G,anti-graveyard; stall-breaker,Empty-graveyard beater,odysseyblock,1200,,,,,,,8/8 trample with empty graveyard
Rabid Elephant,{4}{G},5,Creature — Elephant,G,G,stall-breaker,Combat-math stall-breaker,odysseyblock,1174,,,,,,,Punishes multi-blocking; pushes stalls
Giant Warthog,{5}{G},6,Creature — Boar Beast,G,G,stall-breaker,Vanilla trample stall-breaker,odysseyblock,1087,,,,,,,Plain 5/5 trample to break ground stalls
Nut Collector,{5}{G},6,Creature — Human Druid,G,G,GW tokens; Opposition,Squirrel engine + threshold lord,odysseyblock,1228,,,,,,,Upkeep squirrels; +2/+2 lord at threshold
"Thriss, Nantuko Primus",{5}{G}{G},7,Legendary Creature — Insect Druid,G,G,top-end; combat,Repeatable pump top-end,odysseyblock,1188,,,,,,,+5/+5 each turn; slow finisher
Krosan Reclamation,{1}{G},2,Instant,G,G,UG graveyard tech,GY shuffle tech; flashback,any-era,,,,,,,,"Anti-threshold/anti-mill, repeatable"
Moment's Peace,{1}{G},2,Instant,G,G,defense; control,Repeatable fog (flashback),any-era,,,,,,,,Buys time for ramp/token plans
Elephant Ambush,{2}{G}{G},4,Instant,G,G,GW tokens; defense,Flashback token at instant speed,any-era,,,,,,,,"3/3 elephant twice, ambush blocker"
Chatter of the Squirrel,{G},1,Sorcery,G,G,GW tokens; Opposition,Cheap flashback token,any-era,,,,,,,,Two squirrels across two casts
Rampant Growth,{1}{G},2,Sorcery,G,G,RG ramp,Basic-land ramp,any-era,,,,,,,,Classic slow ramp and fixing
Call of the Herd,{2}{G},3,Sorcery,G,G,GW tokens; value,Flashback elephant token,any-era,,,,,,,,Two 3/3 elephants from one card
Acorn Harvest,{3}{G},4,Sorcery,G,G,GW tokens; BG sac,Flashback squirrel flood; BG fodder,any-era,,,,,,,,Four squirrels total; sac fodder
Grizzly Fate,{3}{G}{G},5,Sorcery,G,G,GW tokens; threshold,Threshold + flashback bear tokens,any-era,,,,,,,,Scales with threshold and flashback
Roar of the Wurm,{6}{G},7,Sorcery,G,G,RG ramp; tokens,Flashback fatty payoff,any-era,,,,,,,,6/6 wurm twice; ramp payoff
Carpet of Flowers,{G},1,Enchantment,G,G,RG ramp; anti-blue,Anti-blue ramp / big-mana,any-era,1312,,,,,,,Floods mana vs Island decks
Utopia Sprawl,{G},1,Enchantment — Aura,G,G,RG ramp; fixing,Forest ramp + fixing,any-era,,,,,,,,Ramps and fixes off a Forest
Wild Growth,{G},1,Enchantment — Aura,G,G,RG ramp,Land ramp aura,any-era,,,,,,,,Cheap ramp toward Helix and fatties
Druid's Call,{1}{G},2,Enchantment — Aura,G,G,GW tokens; defense,Damage→squirrels build-around,any-era,,,,,,,,Turns incoming damage into a token wall
By Gnome Means,{2}{W},3,Enchantment,W,W,WR Boros,coin-flip token,any-era,1237,,,,,,,Coin-flip each upkeep -> Gnome token; connective coin-flip tissue
Nantuko Shrine,{1}{G}{G},3,Enchantment,G,G,GW tokens; flashback synergy,Same-name squirrel build-around,any-era,,,,,,,,Flashback recasts net squirrels; decision-dense
Squirrel Nest,{1}{G}{G},3,Enchantment — Aura,G,G,GW tokens; Opposition,Token engine for Opposition,any-era,,,,,,,,Land taps for a squirrel each turn
Saproling Burst,{4}{G},5,Enchantment,G,G,GW tokens; UG proliferate,Fading token engine; proliferate,any-era,1348,,,,,,,Fade counters make scaling saprolings
Leveler,{5},5,Artifact Creature — Juggernaut,C,C,deck-out-combo,Empties own library on ETB; deck-out + Sundial line,exception,1200,,,,,Y,,"Artifact-creature exception; structural deck-out, not a beater"
Astral Cornucopia,{X}{X}{X},0,Artifact,C,C,counter-altwin,Charge-counter mana rock; big-red X sink,any-era,1289,,,,,,,Proliferate grows the rock; slow ramp + sink
Lion's Eye Diamond,{0},0,Artifact,C,C,hellbent,Ritual + discard enabler for hellbent/tutor combo,any-era,1610,,,,,,,Discard hand for 3; enables Infernal Tutor hellbent
Black Vise,{1},1,Artifact,B,B,BR prison,flooded-hand punisher clock,any-era,1370,,B,,,,,Colorshift B: damage per card over four
Codex Shredder,{1},1,Artifact,C,C,lantern-mill,Lantern win: repeatable mill + late card return,any-era,1251,,,,,,,Mills 1/turn solo; lantern-deck primary clock
Cursed Scroll,{1},1,Artifact,C,C,hellbent,Hellbent win-con: repeatable 2 burn on empty hand,any-era,1437,,,,,,,Classic hellbent finisher; empty/1-card hand
Expedition Map,{1},1,Artifact,C,C,fixing,Utility-land tutor for the prison toolbox,any-era,1381,,,,,,,Fetches Glacial Chasm/Tabernacle; enables toolbox
Ghoulcaller's Bell,{1},1,Artifact,C,C,lantern-mill,Lantern win: cheap symmetric mill,any-era,1208,,,,,,,Mills each player 1/turn; lantern + self-mill enabler
Lantern of Insight,{1},1,Artifact,C,C,lantern-mill,"Lantern-control core: see tops, selective mill lock",any-era,1270,Y,,,Y,,"At the beginning of your upkeep, mill 1",Errata to mill 1/upkeep so it's a real clock alone
Pyxis of Pandemonium,{1},1,Artifact,C,C,lantern-mill,Lantern-style exile clock; face-down library strip,any-era,1191,Y,,,Y,,Its {T} ability also mills each player 1,Errata so its tap ability also mills each player 1
The Rack,{1},1,Artifact,B,B,BR prison,empty-hand punisher clock,any-era,1169,,B,,,,,Colorshift B: punishes empty hand behind Bridge
Anvil of Bogardan,{2},2,Artifact,C,C,wheel-lock,Symmetric loot + no max hand; feeds punishers,any-era,1312,,,,,,,Discard feeds graveyard; draw feeds hand-size punishers
Coldsteel Heart,{2},2,Snow Artifact,C,C,fixing,Tapped two-mana fixed-color rock,any-era,1445,,,,,,,Tapped fixing rock; supports multicolor lock decks
Contagion Clasp,{2},2,Artifact,C,C,counter-altwin,Proliferate + repeatable counter accelerant,any-era,1195,,,,,,,"ETB shrink, then repeatable proliferate; cheap"
Cursed Totem,{2},2,Artifact,C,C,prison,Shuts off creature activated abilities,any-era,1174,,,,,,,Sideways prison; stops Opposition-style tappers
Damping Sphere,{2},2,Artifact,C,C,prison,Anti-ramp/anti-storm tax speed-bump,any-era,1207,,,,,,,Caps big-mana lands and storm; honest
Defense Grid,{2},2,Artifact,C,C,honest-combo,Taxes opp interaction; shields combo turn,any-era,1287,,,,,,,Asymmetric tax protecting honest-combo turns
Ebony Owl Netsuke,{2},2,Artifact,B,B,BR prison,flooded-hand punisher,any-era,1164,,B,,,,,Colorshift B: 4 damage at seven cards
Fellwar Stone,{2},2,Artifact,C,C,fixing,Untapped fixing rock keyed to opp lands,any-era,1447,,,,,,,"Mild, period-appropriate, no fast-mana jump"
Howling Mine,{2},2,Artifact,C,C,wheel-lock,Symmetric extra-draw; untap clause = real choice,any-era,1264,,,,,,,Core wheel enabler; tap-to-deny is a decision
Krark's Thumb,{2},2,Legendary Artifact,C,C,coin-flip,"Coin-flip linchpin: flip two, ignore one",any-era,1200,Y,,,Y,,"Gains: {2}, {T}: flip a coin",Errata to add a flip source so it isn't dead
Mind Stone,{2},2,Artifact,C,C,fixing,Fixing rock that cashes for a card late,any-era,1358,,,,,,,Low-power rock; sacs for card so never floods
Mindcrank,{2},2,Artifact,C,C,lantern-mill,Lantern/mill payoff: life loss snowballs into deck-out,any-era,1293,Y,,,Y,,Gains: {T}: target player mills 1,Errata to self-mill so it acts alone
Prismatic Lens,{2},2,Artifact,C,C,fixing,Filtering rock: colorless or filtered any-color,any-era,1363,,,,,,,Cheap filter rock; smooths build-around colors
Spawning Pit,{2},2,Artifact,C,C,counter-altwin,Charge-counter sac engine; proliferate target,any-era,1268,,,,,,,Banks sacs as counters; proliferate doubles tokens
Sphere of Resistance,{2},2,Artifact,C,C,prison,Symmetric spell tax; slows whole table,any-era,1389,,,,,,,"Cheap symmetric tax; prison glue, low power"
Star Compass,{2},2,Artifact,C,C,fixing,Tapland-style fixing keyed to your basics,any-era,1320,,,,,,,"Slow color fixing; enters tapped, low power"
Sundial of the Infinite,{2},2,Artifact,C,C,deck-out-combo,End turn before empty-library draw = Stifle for Leveler (#13),any-era,1321,,,,,,,Spec #13; alt to Ad Nauseam/Angel's Grace lines
Throne of Geth,{2},2,Artifact,C,C,counter-altwin,One-shot proliferate via artifact sac,any-era,1201,,,,,,,Cheap proliferate burst for alt-win/fade counters
Tsabo's Web,{2},2,Artifact,C,C,prison,Cantrip soft-lock on utility/man-lands,any-era,1243,,,,,,,Replaces itself; never a dead draw
Winter Orb,{2},2,Artifact,C,C,prison,Mana-denial stax: one land untaps/turn,any-era,1397,,,,,,,Core colorless mana-denial; glues slow shells
Crawlspace,{3},3,Artifact,C,C,prison,Caps attackers to two; buys time,any-era,1323,,,,,,,Pure defense for slow lock/alt-win shells
Crucible of Worlds,{3},3,Artifact,C,C,big-red-sink,Land-recursion engine for fetch/sac-land grind,any-era,1383,,,,,,,Supports Glacial-Chasm/sac-land prison loops
Ensnaring Bridge,{3},3,Artifact,Multi,Multicolor,BR Rakdos,Colorshift>B/R: hellbent prison shutting off attackers,any-era,1294,,B/R,,,,,Locked colorshift; empty hand to lock attacks
Iron Maiden,{3},3,Artifact,B,B,BR prison,flooded-hand punisher (all opponents),any-era,1129,,B,,,,,Colorshift B: Black Vise hitting everyone
Misers' Cage,{3},3,Artifact,B,B,BR prison,softer flooded-hand punisher,any-era,1093,,B,,,,,Colorshift B: 2 damage at five cards
Pristine Talisman,{3},3,Artifact,C,C,fixing,Lifegain rock; buffers life for grind/Ad Nauseam,any-era,1243,,,,,,,Slow rock + lifegain; buffers Ad Nauseam life
Static Orb,{3},3,Artifact,C,C,prison,Harder Winter Orb; only two untaps total,any-era,1242,,,,,,,Stronger stasis; rewards low-permanent prison
Storage Matrix,{3},3,Artifact,C,C,prison,Untap-type restriction lock; decision-rich,any-era,1155,,,,,,,Decision-intensive untap lock; very on-philosophy
Tangle Wire,{3},3,Artifact,Multi,Multicolor,UG Simic,Colorshift>U/G: fading soft-lock; fade counters proliferate target,any-era,1358,,U/G,,,,,Locked colorshift; fade counters love proliferate
Temple Bell,{3},3,Artifact,C,C,wheel-lock,On-demand symmetric draw; you control timing,any-era,1232,,,,,,,Fills hands on YOUR turn so punishers fire first
Worn Powerstone,{3},3,Artifact,C,C,big-red-sink,Tapped two-mana ramp for big-mana sinks,any-era,1377,,,,,,,Powers Braids/mana-sink decks without fast-mana jump
Cursed Rack,{4},4,Artifact,B,B,BR prison,hand-size lock piece,any-era,1204,,B,,,,,Colorshift B: caps opponent hand at four
Darksteel Reactor,{4},4,Artifact,C,C,counter-altwin,Counter alt-win: 20 charge = win; proliferate payoff,any-era,1166,Y,,,Y,,"Enters with 3 charge counters; whenever you proliferate, put an extra charge counter on it",Errata to tie to proliferate; cleanest count-to-20
Empowered Autogenerator,{4},4,Artifact,C,C,counter-altwin,Charge-counter ramp battery; proliferate target,any-era,1292,,,,,,,Self-growing mana; honest slow build-around
Font of Mythos,{4},4,Artifact,C,C,wheel-lock,Each player draws two extra per draw step,any-era,1251,,,,,,,Hardest enabler; rockets hands past 7 for Owl
Giant Fan,{4},4,Artifact,C,C,UR Izzet,coin-flip,any-era,1119,,,,,,,Coin-flip combat trick; connective coin-flip tissue
Otherworld Atlas,{4},4,Artifact — Book,C,C,wheel-lock,Charge-counter scaling symmetric draw,any-era,1242,,,,,,,Ties draw to counters theme + proliferate; slow
Smokestack,{4},4,Artifact,Multi,Multicolor,BG Golgari,Colorshift>B/G: symmetric sacrifice engine on soot counters,any-era,1271,,B/G,,,,,Locked colorshift; soot-counter sacrifice lock
Teferi's Puzzle Box,{4},4,Artifact,C,C,wheel-lock,Wheel-lock keystone (#14): forced redraw each draw step,any-era,1230,,,,,,,LOCK not free win; pair with hand-punishers
Trading Post,{4},4,Artifact,C,C,big-red-sink,Grindy modal mana-sink (goats/life/draw),any-era,1256,,,,,,,"User-named big-red sink; honest grind, no fast value"
Memory Jar,{5},5,Artifact,C,C,wheel-lock,Sac for fresh 7s; one-shot storm/draw burst,any-era,1378,,,,,,,One-shot wheel; floods hands for punishers on demand
Mind's Eye,{5},5,Artifact,C,C,wheel-lock,Draw-matters wheel payoff: pay {1} per opp draw to draw,any-era,,,,,,,,DB pull; punishes the symmetric wheels you run
Contagion Engine,{6},6,Artifact,C,C,counter-altwin,Double-proliferate engine; counter top-end,any-era,1254,,,,,,,Jumps alt-win counters and Tangle Wire fades fast
Mirror Universe,{6},6,Artifact,C,C,life-swap,"Headline finisher: get low, swap life totals away",any-era,1195,,,,,,,"Named anchor; honest one-shot, sacrifices itself"
Soul Conduit,{6},6,Artifact,C,C,life-swap,Repeatable Mirror Universe: {6} swap two totals,any-era,1137,,,,,,,{6}/use = honest slow backup to Mirror Universe
Possessed Portal,{8},8,Artifact,C,C,prison,"Top-end hard lock: stops draws, grinds board",any-era,1140,,,,,,,Fragile 8-mana payoff lock; expensive = fair
Dance of the Manse,{X}{W}{U},2,Sorcery,Multi,Multicolor,WU Azorius,enchantment recursion,any-era,1142,,,,,,,Return noncreature permanents mv<=X; enchantress payoff/Replenish-lite
Mirror Wall,{3}{U},4,Creature — Wall,U,U,UB/UW control wall,stall-breaking blocker,odysseyblock,1134,,,,,,,3/4 wall; can swing with white mana.
Enchanted Evening,{3}{W/U}{W/U},5,Enchantment,Multi,Multicolor,WU Azorius,All permanents become enchantments; enables Opalescence/Replenish sweep,any-era,1127,,,,Y,,ETB also mill top 3 and return an enchantment card to hand,Errata adds ETB mill + enchant return
Teferi's Moat,{3}{W}{U},5,Enchantment,Multi,Multicolor,WU Azorius,Color-locked ground stax pillowfort,any-era,1276,,,,,,,On-color pillowfort; locks chosen color
Dovescape,{3}{W/U}{W/U}{W/U},6,Enchantment,Multi,Multicolor,WU Azorius,Noncreature-spell soft-lock making symmetric 1/1 bird wall,any-era,1165,,,,,,,Soft-lock; spells become 1/1 birds
Iridescent Angel,{5}{W}{U},7,Creature - Angel,Multi,Multicolor,WU Azorius,Pro-all-colors evasive finisher for pillowfort,odysseyblock,1174,,,,,,,Pool gold creature; flying pro-all-colors
Glimpse the Unthinkable,{U}{B},2,Sorcery,Multi,Multicolor,UB Dimir,Big mill payoff for deck-out plan,any-era,1248,,,,,,,Kept over Mind Funeral; cleanest mill 10
Shadowmage Infiltrator,{1}{U}{B},3,Creature - Human Wizard,Multi,Multicolor,UB Dimir,Evasive card-draw engine for control-combo,odysseyblock,1270,,,,,,,Pool gold creature; fear + draw on hit
Soul Manipulation,{1}{U}{B},3,Instant,Multi,Multicolor,UB Dimir,Modal counter-creature / regrow-creature for control-combo,any-era,,,,,,,,Honest Dimir interaction; counter or regrow
Balshan Collaborator,{3}{U},4,Creature — Bird Soldier,U,U,UB tempo,evasive beater,odysseyblock,1138,,,,,,,Flyer with black pump; splash payoff.
Possessed Aven,{2}{U}{U},4,Creature — Bird Soldier Horror,U,U,UB threshold,threshold evasive removal,odysseyblock,1155,,,,,,,"Threshold grows it, adds blue-kill activation."
Rain of Gore,{B}{R},2,Enchantment,Multi,Multicolor,BR Rakdos,Symmetric anti-lifegain: lifegain becomes lifeloss,any-era,1125,,,,,,,Life-resource hate; lifegain becomes loss
Possessed Barbarian,{2}{R}{R},4,Creature — Human Barbarian Horror,R,R,BR graveyard,Threshold value body; gains removal,odysseyblock,1184,,,,,,,At threshold becomes black with red-kill ability
Spiteful Visions,{2}{B/R}{B/R},4,Enchantment,Multi,Multicolor,BR Rakdos,Symmetric extra-draw + 1 dmg per draw; wheel becomes clock,any-era,1247,,,,,,,Turns wheel into a clock; symmetric
Vampiric Dragon,{6}{B}{R},8,Creature - Vampire Dragon,Multi,Multicolor,BR Rakdos,Top-end pinger that breaks ground stalls,odysseyblock,1099,,,,,,,Pool gold creature; flyer pings + grows
Aether Rift,{1}{R}{G},3,Enchantment,Multi,Multicolor,RG Gruul,Random upkeep discard -> reanimate unless opp pays 5,any-era,,,,,,,,Hellbent reanimator; random-discard upkeep
Stormbind,{1}{R}{G},3,Enchantment,Multi,Multicolor,RG Gruul,"Repeatable mana+card sink: 2, discard random -> 2 dmg",any-era,,,,,,,,Gruul mana/graveyard sink; hellbent fuel
Sterling Grove,{G}{W},2,Enchantment,Multi,Multicolor,GW Selesnya,Enchantment toolbox tutor + shroud protection for the shell,any-era,1252,,,,,,,Enchantress glue; tutor + shroud
Travel Preparations,{1}{G},2,Sorcery,G,G,UG counters; GW,Counters + W flashback bridge,any-era,,,,,,,,Four +1/+1 counters across two casts
Phantom Nishoba,{5}{G}{W},7,Creature - Cat Beast Spirit,Multi,Multicolor,GW Selesnya,Counter-based lifegain wall that breaks stalls,odysseyblock,1263,,,,,,,Pool gold creature; trample + counter shields
Death Grasp,{X}{W}{B},2,Sorcery,Multi,Multicolor,WB Orzhov,X damage + gain X: life-as-resource finisher,any-era,,,,,,,,X dmg plus gain X; Orzhov finisher
Final Payment,{W}{B},2,Instant,Multi,Multicolor,WB Orzhov,Pay 5 life (or sac) to destroy a creature: life-as-resource removal,any-era,1138,,,,,,,Life-as-resource removal; cheap WB interaction
Doom Foretold,{2}{W}{B},4,Enchantment,Multi,Multicolor,WB Orzhov,attrition sac engine,any-era,1221,,,,,,,Symmetric forced sac -> draw + token + lifegain payoff
Possessed Nomad,{2}{W}{W},4,Creature — Human Nomad Horror,W,W,threshold;control,stall-breaker,odysseyblock,1166,,,,,,,Vigilant 3/3; threshold turns black removal-body
Epic Experiment,{X}{U}{R},2,Sorcery,Multi,Multicolor,UR Izzet,Cast-and-spent free-spell payoff off the top X,any-era,,,,,,,,"Honest spells payoff; one-shot, fully spent"
Fevered Visions,{1}{U}{R},3,Enchantment,Multi,Multicolor,UR Izzet,"Self-contained wheel-punisher: draw EOT, opp takes 2 if 4+ cards",any-era,1156,,,,,,,Wheel-punisher; symmetric draw plus burn
Stitch in Time,{1}{U}{R},3,Sorcery,Multi,Multicolor,UR Izzet,Coin-flip extra turn (Izzet flip payoff),any-era,1192,,,,,,,Coin-flip extra turn; flip payoff
Squandered Resources,{B}{G},2,Enchantment,Multi,Multicolor,BG Golgari,Burst-mana sink: sac lands for big X / combo turns,any-era,1254,,,,,,,Sac lands for burst mana sink
Pernicious Deed,{1}{B}{G},3,Enchantment,Multi,Multicolor,BG Golgari,"Sac-and-spent symmetric reset, destroy permanents mv<=X",any-era,,,,,,,,"Honest reset; sacked, not a value engine"
Possessed Centaur,{2}{G}{G},4,Creature — Centaur Horror,G,G,BG; threshold,Threshold beater; BG bridge,odysseyblock,1184,,,,,,,"Turns black at threshold, kills green"
Goblin Trenches,{1}{R}{W},3,Enchantment,Multi,Multicolor,WR Boros,"Sac-land token sink: 2, sac land -> two 1/1 tokens",any-era,,,,,,,,Mana-sink token flood; feeds Opposition/grind
Glory of Warfare,{2}{R}{W},4,Enchantment,Multi,Multicolor,WR Boros,"Asymmetric anthem: +2/0 your turn, +0/2 otherwise",any-era,,,,,,,,Boros token-grind anthem; offense and defense
Phyrexian Tyranny,{U}{B}{R},3,Enchantment,Multi,Multicolor,UB Dimir,Colorshift>U/B: each draw costs opp 2 life unless they pay 2,any-era,1043,,U/B,,,,,Colorshift U/B; symmetric draw-tax punisher
Calciform Pools,,0,Land,Land,Land,counters / proliferate,W/U storage-counter battery,any-era,1161,,,,,,,"Storage battery, proliferate target"
Mystic Gate,,0,Land,Land,Land,WU fixing,"W/U filter land, {C} or hybrid->two",any-era,1257,,,,,,,"Filter land, slow WU fix"
Skycloud Expanse,,0,Land,Land,Land,WU fixing,"allied W/U filter, pay {1} no life loss",any-era,1231,,,,,,,Low-power allied W/U fix
Darkwater Catacombs,,0,Land,Land,Land,UB fixing,allied U/B filter,any-era,1271,,,,,,,Low-power allied U/B fix
Dreadship Reef,,0,Land,Land,Land,counters / proliferate,U/B storage-counter battery,any-era,1151,,,,,,,"Storage battery, proliferate target"
Sunken Ruins,,0,Land,Land,Land,UB fixing,U/B filter land,any-era,1341,,,,,,,"Filter land, slow UB fix"
Graven Cairns,,0,Land,Land,Land,BR fixing,B/R filter land,any-era,1219,,,,,,,"Filter land, slow BR fix"
Molten Slagheap,,0,Land,Land,Land,counters / proliferate,B/R storage-counter battery,any-era,1127,,,,,,,"Storage battery, proliferate target"
Shadowblood Ridge,,0,Land,Land,Land,BR fixing,allied B/R filter,any-era,1213,,,,,,,Low-power allied B/R fix
Fire-Lit Thicket,,0,Land,Land,Land,RG fixing,R/G filter land,any-era,1249,,,,,,,"Filter land, slow RG fix"
Fungal Reaches,,0,Land,Land,Land,counters / proliferate,R/G storage-counter battery,any-era,1148,,,,,,,"Storage battery, proliferate target"
Mossfire Valley,,0,Land,Land,Land,RG fixing,allied R/G filter,any-era,1188,,,,,,,Low-power allied R/G fix
Nantuko Monastery,,0,Land,Land,Land,threshold beatdown,threshold 4/4 GW manland,any-era,1138,,,,,,,Threshold-gated manland; stall-breaker
Saltcrusted Steppe,,0,Land,Land,Land,counters / proliferate,G/W storage-counter battery,any-era,1088,,,,,,,"Storage battery, proliferate target"
Sungrass Prairie,,0,Land,Land,Land,GW fixing,allied G/W filter,any-era,1206,,,,,,,Low-power allied G/W fix
Wooded Bastion,,0,Land,Land,Land,GW fixing,G/W filter land,any-era,1207,,,,,,,"Filter land, slow GW fix"
Abandoned Outpost,,0,Land,Land,Land,5c splash glue,ETB-tapped W or sac for any-1,any-era,1161,,,,,,,"Block sac-tapland, W base"
Barbarian Ring,,0,Land,Land,Land,GY-storm / threshold,R painland; threshold sac 2 dmg,any-era,1219,,,,,,,Threshold burn; de-dup vs R sheet
Barren Moor,,0,Land,Land,Land,discard / GY-storm,ETB-tapped B; cycling {B},any-era,1224,,,,,,,"ONS cycler, B"
Bog Wreckage,,0,Land,Land,Land,5c splash glue,ETB-tapped B or sac for any-1,any-era,1219,,,,,,,"Block sac-tapland, B base"
Cabal Pit,,0,Land,Land,Land,GY-storm / threshold,B painland; threshold sac -2/-2,any-era,1129,,,,,,,Threshold removal; de-dup vs B sheet
Centaur Garden,,0,Land,Land,Land,GY-storm / threshold,G painland; threshold sac +3/+3,any-era,1172,,,,,,,Threshold combat trick land
Cephalid Coliseum,,0,Land,Land,Land,self-mill / GY-storm,"U painland; threshold loot-3, self-mill",any-era,1164,,,,,,,Self-mill enabler + threshold
Forgotten Cave,,0,Land,Land,Land,discard / GY-storm,ETB-tapped R; cycling {R},any-era,1185,,,,,,,"ONS cycler, R; de-dup vs R sheet"
Geier Reach Sanitarium,,0,Legendary Land,Land,Land,wheels / hand-punisher,symmetric loot wheel,any-era,1196,,,,,,,Uncounterable wheel; feeds Vise/Rack
Glacial Chasm,,0,Land,Land,Land,age-counter / alt-win stall,cumulative-upkeep age-counter pillowfort,any-era,1291,,,,,,,Buys turns for honest combo
Karn's Bastion,,0,Land,Land,Land,counters spine,repeatable proliferate land,any-era,1170,,,,,,,Proliferate engine for counter package
Lonely Sandbar,,0,Land,Land,Land,discard / GY-storm,ETB-tapped U; cycling {U},any-era,1173,,,,,,,"ONS cycler, U"
Mage-Ring Network,,0,Land,Land,Land,big-red sink / counters,colorless storage battery / mana sink,any-era,1130,,,,,,,"Braid-of-Fire sink, proliferate target"
"Mikokoro, Center of the Sea",,0,Legendary Land,Land,Land,wheels / hand-punisher,symmetric draw wheel,any-era,1162,,,,,,,Floods hands for punisher suite
Nesting Grounds,,0,Land,Land,Land,counter relocation,"move a counter, sorcery speed",any-era,1095,,,,,,,Shifts counters; Smokestack/storage glue
Nomad Stadium,,0,Land,Land,Land,GY-storm / threshold,W painland; threshold sac +4 life,any-era,1079,,,,,,,Threshold lifegain land
Petrified Field,,0,Land,Land,Land,land recursion,regrow a land from GY,any-era,1153,,,,,,,Rebuys utility/sac lands
Ravaged Highlands,,0,Land,Land,Land,5c splash glue,ETB-tapped R or sac for any-1,any-era,1140,,,,,,,"Block sac-tapland, R base"
Riptide Laboratory,,0,Land,Land,Land,wizards / ETB loops,bounce/protect a Wizard,any-era,1130,,,,,,,Recurs Wizards at low power
Sea Gate Wreckage,,0,Land,Land,Land,hellbent / Ensnaring Bridge,hellbent draw engine,any-era,1151,,,,,,,Empty-hand card engine
Seafloor Debris,,0,Land,Land,Land,5c splash glue,ETB-tapped U or sac for any-1,any-era,1172,,,,,,,"Block sac-tapland, U base"
Secluded Steppe,,0,Land,Land,Land,discard / GY-storm,ETB-tapped W; cycling {W},any-era,1136,,,,,,,"ONS cycler, W"
Timberland Ruins,,0,Land,Land,Land,5c splash glue,ETB-tapped G or sac for any-1,any-era,1184,,,,,,,"Block sac-tapland, G base"
Tranquil Thicket,,0,Land,Land,Land,discard / GY-storm,ETB-tapped G; cycling {G},any-era,1171,,,,,,,"ONS cycler, G"
