"Name","FromColor","Reason"
"Silver Seraph","W","WWW 8-drop anthem; too top-heavy, redundant with Valor/Blessed Orator"
"Aven Cloudchaser","W","Fine Bird + ETB Disenchant but overlaps Seal/Aura/Auramancer enchant-hate"
"Border Patrol","W","1/6 wall-on-legs; Blessed Orator/Mystic Zealot cover the stall slot"
"Graceful Antelope","W","Land-to-Plains screw evasion; off-theme, mana-denial not wanted"
"Resilient Wanderer","W","Discard outlet body; Patrol Hound is the cheaper outlet pick"
"Mystic Crusader","W","Strong threshold flier but pushes power; kept curve lower"
"Pulsemage Advocate","W","Self-reanimator donates cards back; grindy, off mono-W plan"
"Reborn Hero","W","ONS-era Soldier recursion; weak and Soldier-flood not buildable"
"Possessed Centaur slot / Wayward kept","W","Other 'is black' horrors redundant; one stall-breaker is enough"
"Opalescence","W/U","Locked colorshift>U/W; lives in the UW worksheet, not mono-W"
"Opening / Open the Vaults","W","Symmetric Replenish downside; Replenish + Starfield already cover it"
"Sterling Grove-style / Greater Auramancy","W","Lock-shroud protection redundant; Karmic Justice covers deterrence"
"Idyllic Tutor","W","Slower to-hand enchant tutor; chose Enlightened Tutor (cheaper, lower power)"
"Propaganda","U","Pillowfort pick lost to Ghostly Prison; Propaganda is blue anyway"
"Arcane Laboratory","U","Spell-lock pick lost to Rule of Law; Arcane Lab is blue anyway"
"Battle of Wits","U","Brief said flag dead+errata but it is blue (cube_color=U); off-color here"
"Parallax Tide","U","Grouped with Parallax Wave but it is blue land-lock; belongs to U worksheet"
"Axis of Mortality","W","Repeated total-swap borderline value engine; slow, political, scrutiny"
"Beacon of Immortality","W","One-shot life double; lethal only with Sanguine Bond, off mono-W"
"Boon Reflection","W","Lifegain doubler, weak alone; not enough payoff density in mono-W"
"Soul Echo","W","Fragile counter life-shield; Transcendence/Near-Death cover the axis"
"Phyrexian Unlife","W","0-life buffer for Ad Nauseam line; that combo lives in a multicolor shell"
"Angel's Grace","W","Ad Nauseam protector; no Ad Nauseam package in this mono-W slice"
"Children of Korlis","W","Life-recovery for Mirror/Ad Nauseam; out-of-block, no shell here"
"Dawn of a New Age","W","Hope-counter draw engine; weaker than Mesa Enchantress for the draw slot"
"Delaying Shield","W","Damage-to-counter buffer; Story Circle/Solitary Confinement stronger locks"
"Force Bubble","W","Depletion-counter fog wall; redundant with damage-prevention suite"
"Celestial Dawn","W","Lands-to-Plains fixer; anti-synergy, no fixing need in mono-W"
"Suppression-overlap / Aura of Silence kept","W","Other Disenchant-tax pieces redundant once Seal+Aura+Auramancer present"
"Cephalid Illusionist","U","Named in brief but not in odysseyblock pool (Judgment); creature-locked out."
"Mind Over Matter","U","too_strong: untap-at-will + draw = board-camping infinite engine."
"Time Spiral","U","too_strong: free 7-card refill + untap 6; format-warping value engine."
"Palinchron","U","too_strong: self-bounce + untap 7 loops to infinite mana; also out of pool."
"Braingeyser","U","Redundant big-X draw; one-X-draw rule kept Stroke of Genius."
"Blue Sun's Zenith","U","Redundant recurring big-X draw; one-X-draw rule."
"Gitaxian Probe","U","Highest-elo pure 0-mana cantrip; cut to hold the low-power line."
"Prosperity","U","Symmetric big draw helps opp; redundant with Stroke as payoff."
"Words of Wisdom","U","Draws opponent a card; marginal storm padder."
"Whispers of the Muse","U","Redundant buyback cantrip vs Mystic Speculation."
"Reality Spasm","U","Redundant scalable untap vs Reset/Turnabout."
"Unwind","U","Redundant free counter vs Rewind."
"Windfall","U","Off-colour wheel; lives on UB/UR hand-punisher sheet."
"Tolarian Winds","U","Off-colour discard wheel; UB/UR Ensnaring Bridge support."
"Compulsion","U","Redundant filtering; leans UW Replenish enabler."
"Hatching Plans","U","Draw-3-when-destroyed; UW Replenish/sac glue."
"Attunement","U","Premier Replenish bulk-mill enabler; UW enchantress."
"Seal of Removal","U","Cheap bounce enchantment; UW Replenish glue."
"Arcane Laboratory","U","One-spell-per-turn lock; counterproductive in a storm-lite shell."
"Collective Restraint","U","Redundant domain pillowfort vs Propaganda/Back to Basics."
"Web of Inertia","U","Redundant GY-taxing pillowfort."
"Rising Waters","U","Redundant stax-lite prison vs Back to Basics."
"Phantasmal Terrain","U","Redundant type-changer aura; lowest-elo Islands option."
"Lingering Mirage","U","Redundant Islands aura (cycling) vs Spreading Seas."
"Forced Fruition","U","Board-camping cast-punisher; lives better in UB Vise shell."
"Psychic Corrosion","U","Redundant mill-on-draw payoff vs Sphinx's Tutelage."
"Battle of Wits","U","Honest alt-win but needs a 200-card deck; undraftable in singleton cube."
"Parallax Tide","U","Fading land-lock; lives on UG/Simic fading sheet (cross-ref Tangle Wire)."
"Sunken City","U","Creature-anthem with upkeep, errata-flagged; off-theme for combo shell."
"Patron Wizard","U","Out of pool; flagged dead in master (needs Wizard board)."
"Harbinger of the Seas","U","Out of pool; strong Islands-lock body but creature-locked out."
"Tidal Warrior","U","Out of pool; repeatable Island-maker body not allowed as creature."
"Hapless Researcher","U","Out of pool; looter body not in odysseyblock list."
"Imagecrafter","U","Out of pool; type-changer Wizard not allowed."
"Information Dealer","U","Out of pool; scry Wizard not in list."
"Escape Artist","U","Out of pool; unblockable Wizard not allowed."
"Aphetto Alchemist","U","Out of pool; untapper Wizard (Onslaught), creature-locked out."
"Voidmage Prodigy","U","Out of pool; counter-Wizard not in list."
"Riptide Entrancer","U","Out of pool; steal-on-damage Wizard not allowed."
"Riptide Director","U","Out of pool; Wizard draw-engine not in list."
"Riptide Mangler","U","Out of pool; defensive Beast not allowed."
"Riptide Shapeshifter","U","Out of pool; tutor-a-creature body not in list."
"Rummaging Wizard","U","Out of pool; impulse-loot Wizard not allowed."
"Aphetto Runecaster","U","Out of pool; morph-draw Wizard not in list."
"Disruptive Pitmage","U","Out of pool; tax-Wizard not allowed."
"Callous Oppressor","U","Out of pool; steal-creature Octopus not in list."
"Cephalid Inkshrouder","U","Out of pool; shroud-granting Octopus not allowed."
"Cephalid Aristocrat","U","Out of pool; discard-pump Octopus not in list."
"Shifty Doppelganger","U","Out of pool; reanimator Shapeshifter not allowed."
"Ascending Aven","U","Out of pool; morph flyer (Onslaught) not in list."
"Mistform Seaswift","U","Out of pool; type-changing flyer not allowed."
"Nameless One","U","Out of pool; Wizard-count beater not in list."
"Dreamwinder","U","Out of pool; sac-Island Serpent not allowed."
"Wonder","U","Out of pool; graveyard Islands-flying payoff, creature-locked out."
"Wormfang Crab","U","Out of pool; defensive Nightmare not in list."
"Pulsating Illusion","U","Out of pool; pitch-to-pump Illusion not allowed."
"Shoreline Ranger","U","Out of pool; Islandcycling flyer not in list."
"Slipstream Eel","U","Out of pool; Islands-matters Fish not allowed."
"Cognivore","U","Out of pool; instant-count Lhurgoyf not in list."
"Cloud of Faeries","U","Out of pool; free-spell Faerie not allowed."
"Peregrine Drake","U","Out of pool; untap-5-lands free-mana body, creature-locked out."
"Great Whale","U","Out of pool; untap-7-lands top-end body not in list."
"Rotlung Reanimator","B","Wanted aristocrats token engine but not in curated odysseyblock_creatures.tsv pool (ONS-block)"
"Cabal Archon","B","Wanted sac-drain Cleric outlet but not in curated pool (ONS-block)"
"Cabal Torturer","B","Wanted -1/-1 plague pinger but not in curated pool"
"Putrid Imp","B","Wanted repeatable discard outlet but not in curated pool"
"Zombie Cannibal","B","Wanted cheap Zombie GY-hate but not in curated pool"
"Consumptive Goo","B","Wanted growing -1/-1 plague but not in curated pool"
"Yawgmoth's Will","B","too_strong: one-shot graveyard replay, judge-level power, breaks low-power floor"
"Necropotence","B","too_strong: board-camping card-advantage engine (flag #16)"
"Phyrexian Arena","B","too_strong: passive board-camping value engine; honest life-resource staple but too strong"
"Ad Nauseam","B","Centerpiece of dedicated UB Ad Nauseam combo worksheet, not mono-B prison/storm"
"Dark Petition","B","Tutor that refunds mana; belongs to UB Ad Nauseam combo core"
"Bitter Ordeal","B","Gravestorm kill needs a dedicated sac engine; marginal in this shell"
"Lich","B","4xB, extremely fragile life-as-resource build-around; too narrow"
"Dark Prophecy","B","Aristocrats pay-life draw; better home in BG sac worksheet"
"Waste Not","B","Wheel/discard payoff engine; better in dedicated BR wheel shell"
"Megrim","B","Discard-damage punisher; redundant with Liliana's Caress, marginal"
"Liliana's Caress","B","Discard life-loss punisher; redundant with hand-punisher package"
"Faith of the Devoted","B","Cycle/discard drain engine; needs heavy cycling shell"
"Necrogen Mists","B","Symmetric per-upkeep discard; better in dedicated discard worksheet"
"Bottomless Pit","B","Symmetric random discard; overlaps Necrogen Mists, marginal"
"Smallpox","B","Symmetric resource denial; stax piece, better in BG/BR control"
"Underworld Dreams","B","Draw punisher colorshift B; better in a draw-hate slot"
"Wheel of Torture","B","Redundant hand-punisher; package already full with six pieces"
"Viseling","B","Iron Maiden on a body; out-of-block + redundant punisher"
"Wound Reflection","B","Life-loss doubler; drain amplifier better in WB life worksheet"
"Sanguine Bond","B","Lifegain-to-drain payoff; belongs in WB Cleric lifegain shell"
"Sign in Blood","B","Solid life-cost draw but slot pressure; Greed/Dark Tutelage cover draw"
"Night's Whisper","B","Efficient life-cost draw; cut for slot, redundant with Sign in Blood"
"Profane Tutor","B","Slow suspend tutor; Infernal/Tainted/Consultation already cover tutoring"
"Tendrils of Corruption","B","Swamp-count removal+lifegain; better in WB life or BG midrange"
"Cabal Pit","B","Threshold removal land; manabase layer, not a mono-B spell slot"
"Dakmor Salvage","B","Dredge land; manabase/self-mill layer, not a spell slot"
"Polluted Mire","B","Cycling land; manabase layer, discard/cycle synergy elsewhere"
"Underworld Connections","B","Pay-life draw aura flagged dead; redundant with Greed/Dark Tutelage"
"Spoils of the Vault","B","Included; listed here only as duplicate-guard — keep in cube"
"Mirror March","R","too_strong: modern wording is a token-copy engine, not a spent payoff (source strong=1)"
"Underworld Breach","R","too_strong: board-camping recursion engine, violates spec #16 (source strong=1)"
"Crazed Firecat","R","Named in brief but NOT in curated odysseyblock pool (only broader block_creatures); HARD RULE forbids"
"Smoke","R","Red Winter Orb stax; fits B/G Smokestack-adjacent gold lane better than mono-R"
"Risky Move","R","Chaos control-donation coin-flip; multiplayer-warped, too random for 1v1 cube"
"Goblin Festival","R","Coin-flip pinger but can hand the enchantment to opponent; redundant with Goblin Bomb/Mana Clash"
"Burning Inquiry","R","Symmetric random discard outlet; redundant behind Faithless Looting / madness bodies"
"Cathartic Reunion","R","Discard-2 draw-3 outlet; redundant with Faithless Looting for the storm/madness fill"
"Change of Fortune","R","Discard-then-draw refill; narrower than wheels already included"
"Seething Song","R","Ritual; one ritual slot kept (Pyretic) to keep storm honest/slow, not double-up"
"Fiery Temper","R","Madness burn; pure removal, leaning FIRE — keep the build-arounds over efficient burn"
"Violent Eruption","R","Madness sweeper-burn; efficient removal against the low-power brief"
"Forgotten Cave","R","Cycling land; utility land slot allocated to Barbarian Ring (threshold sink fits sheet)"
"Pardic Collaborator","R","Vanilla 2/2 first strike with off-color B pump; weakest curated red, cut for count"
"Pardic Firecat","R","2/3 haste with niche Flame Burst graveyard rider; redundant 4-drop beater"
"Aquamoeba","U","Prompt-named but blue and not in curated creature pool"
"Krosan Wayfarer","G","Prompt-named but absent from odysseyblock pool; exception budget spent"
"Ironshell Beetle","G","Not in pool; redundant ETB counter vs Quarry Hauler"
"Phantom Tiger","G","Shield body not in curated pool; Nishoba represents mechanic"
"Phantom Centaur","G","Shield body not in curated pool; exception budget spent"
"Phantom Nantuko","G","Shield body not in curated pool; exception budget spent"
"Overrun","G","Swingy alpha-strike finisher; against no-swingy-bombs spec"
"Crush of Wurms","G","Triple 6/6 bomb; too swingy for low-power cube"
"Beast Attack","G","GGG-heavy token instant; Call/Elephant Ambush cover slot"
"Epic Struggle","G","Win at 20 creatures unrealistic in singleton; Helix covers alt-win"
"Verdant Succession","G","Recursion engine; whiffs in singleton fetching same-named copy"
"Bearscape","G","Graveyard token engine; mild board-camping value"
"Holistic Wisdom","G","Recursion value engine; board-camping, off philosophy"
"Choke","G","Anti-Island prison/sideboard hate; off-theme for build-around sheet"
"Far Wanderings","G","Threshold ramp; enough ramp already included"
"Deep Reconnaissance","G","Flashback ramp; redundant with current ramp suite"
"Krosan Tusker","G","Cycling fatty; fine but cut for count"
"Elephant Guide","G","Aura 2-for-1; trimmed for token-spell density"
"Ground Seal","G","Anti-graveyard cantrip; Krosan Reclamation covers GY hate"
"Living Wish","G","Cube has no outside-the-game zone; non-functional"
"Nantuko Mentor","G","Doubling pump engine; swingier than wanted, cut for space"
"Sylvan Messenger","G","Elf payoff but thin elf tribe in this pool"
"Krosan Restorer","G","Untap-land ramp dork; ramp suite already full"
"Vine Trellis","G","Defender mana wall; redundant with aura ramp"
"Mind Funeral","Multi","Second UB mill; kept Glimpse the Unthinkable as cleaner payoff"
"Karlov of the Ghost Council","Multi","Non-pool creature (WB); hard-rule violation"
"Vizkopa Guildmage","Multi","Non-pool creature (WB); hard-rule violation"
"Cliffhaven Vampire","Multi","Non-pool creature (WB); hard-rule violation"
"Vizkopa Confessor","Multi","Non-pool creature (WB); hard-rule violation"
"Corpsejack Menace","Multi","Non-pool creature (BG); hard-rule violation"
"Debtors' Knell","Multi","Board-camping reanimator value engine; too_strong"
"Assemble the Legion","Multi","Board-camping snowball token engine; too_strong"
"Pyrrhic Revival","Multi","Symmetric mass-reanimate; too swingy for the slot"
"Death Frenzy","Multi","Third BG sweeper; redundant with Pernicious Deed"
"Powerstone Minefield","Multi","Pure WR deterrent; less build-around than Goblin Trenches"
"Dralnu's Crusade","Multi","Narrow BR Goblin lord; weak without goblin density"
"Storm the Vault","Multi","UR Treasure engine; ramps toward too_strong flip"
"Fervent Charge","Multi","Three-color (WBR); off the two-color guild map"
"Treva's Charm","Multi","Three-color (WUG); off the two-color guild map"
"Glory of Warfare alternatives - Outlaws' Merriment","Multi","WR token engine; board-camping value, too_strong"
"Wreak Havoc","Multi","RG land/artifact removal; filler, no build-around"
"Sunforger","Multi","WR tutor-equipment; needs creature density, low priority"
"Trinisphere","C","too_strong: 3-mana floor hard-locks this low-curve cube"
"The Rack","B","Colorshifts to B with the puzzle-box hand-punisher family"
"Quicksilver Fountain","C","Islands-lock/High-Tide prison engine; belongs to U Islands theme"
"Bottled Cloister","C","Hand-hiding for Bridge; redundant with wheel package and slow"
"Containment Construct","C","Artifact-creature discard-recursion; creature pool reserved, not named"
"Parallax Inhibitor","C","Niche fade-refueler; blank without heavy Parallax build, needs errata"
"Quicksilver Fountain","Colorless","Islands-lock/High-Tide payoff but type Artifact -> belongs to U Islands-lock worksheet"
"Dakmor Salvage","Land","Dredge self-mill land; left to B worksheet to avoid singleton dup"
"Ancient Tomb","Land","Too strong (elo 1583) fast mana; off low-power philosophy"
"Strip Mine","Land","Too strong (elo 1762) land destruction; oppressive"
"Wasteland","Land","Too strong (elo 1556) nonbasic LD; oppressive"
"Mishra's Workshop","Land","Too strong artifact fast-mana; off-philosophy"
"City of Brass","Land","Too-efficient 5c fixing (elo 1426); want low-power fixing"
"Reflecting Pool","Land","Premium any-color fixing; too smooth for grind cube"
"Gemstone Mine","Land","Efficient 3-use any-color fixing; power creep"
"Tendo Ice Bridge","Land","Efficient charge-counter any-color fix; alternate"
"Lotus Vale","Land","Burst 3-mana ramp; off low-power philosophy"
"Crystal Quarry","Land","5c rainbow battery; clunky, redundant with storage"
"Rishadan Port","Land","Land-tax lock; too oppressive/controlling"
"Maze of Ith","Land","Hard fog wall; Glacial Chasm chosen as pillowfort rep"
"Kor Haven","Land","Repeatable fog; redundant pillowfort"
"Tower of the Magistrate","Land","Narrow anti-artifact protection land; niche"
"Desert","Land","Minor pinger land; low impact, off-theme"
"Faerie Conclave","Land","Efficient evasive manland; ends stalls wrong way"
"Treetop Village","Land","Efficient manland beater; off-philosophy"
"Mishra's Factory","Land","Colorless beater manland; too strong"
"Stalking Stones","Land","Manland; redundant, slower beater"
"Forbidding Watchtower","Land","Defensive manland; Nantuko Monastery covers slot"
"Ghitu Encampment","Land","First-strike manland beater; off-philosophy"
"Spawning Pool","Land","Regenerating manland; off-philosophy"
"Vesuva","Land","Thespian's Stage chosen as the land-copy rep (singleton)"
"Slippery Karst","Land","{2}-cycling Urza land; worse than ONS {1} cyclers"
"Smoldering Crater","Land","{2}-cycling Urza land; worse than ONS cyclers"
"Drifting Meadow","Land","{2}-cycling Urza land; worse than ONS cyclers"
"Remote Isle","Land","{2}-cycling Urza land; worse than ONS cyclers"
"Polluted Mire","Land","{2}-cycling Urza land; ONS {1} Barren Moor preferred"
"Saprazzan Skerry","Land","Depletion burst ramp; off low-power philosophy"
"Peat Bog","Land","Depletion burst ramp; off-philosophy"
"Sandstone Needle","Land","Depletion burst ramp; off-philosophy"
"Hickory Woodlot","Land","Depletion burst ramp; off-philosophy"
"Sandstone Bridge","Land","Minor ETB pump tapland; low impact"
"Svyelunite Temple","Land","Sac for UU burst; off-philosophy ramp"
"Dromar's Cavern","Land","Lair bounce-land trifixer; clunky, splash worse than filters"
"Crosis's Catacombs","Land","Lair UBR trifixer; clunky bounce; alternate"
"Rith's Grove","Land","Lair RGW trifixer; clunky bounce; alternate"
"Treva's Ruins","Land","Lair GWU trifixer; clunky bounce; alternate"
"Darigaaz's Caldera","Land","Lair BRG trifixer; clunky bounce; alternate"
"Cloudpost","Land","Locus ramp engine; explosive, off low-power"
"Temple of the False God","Land","Colorless ramp battery; non-fixing, awkward early"
"Hall of Heliod's Generosity","Land","Enchantment recursion land; better in UW-enchantments worksheet"
